acc_x, acc_y, angular_z, stamp, 
-0.0035376548767089844, -0.04467368125915527, -1.7974880531573463e-10, 1759497482718771105, 
0.001789689064025879, -0.01391512155532837, -1.991868175251435e-06, 1759497482748697393, 
0.012554526329040527, -0.015513420104980469, -9.495462364912614e-11, 1759497482777743793, 
-0.019744277000427246, 0.027694404125213623, -4.71688649555611e-11, 1759497482809402548, 
0.005466818809509277, -0.027943670749664307, -2.5538002594900354e-11, 1759497482841166686, 
-0.012279987335205078, 0.008318185806274414, 3.5521325912188225e-11, 1759497482868878320, 
0.0149192214012146, -0.014697253704071045, -1.9843045357089935e-06, 1759497482898915399, 
0.022216379642486572, -0.001820981502532959, 7.736963728758416e-11, 1759497482928989977, 
0.007816016674041748, 0.010950267314910889, 8.498573633656488e-11, 1759497482958876946, 
0.002422630786895752, -0.0033181309700012207, 1.0341823179755136e-10, 1759497482988874341, 
-0.022756874561309814, -0.006769418716430664, 1.2903224724956037e-10, 1759497483018912999, 
-0.006508827209472656, 0.014784574508666992, 9.674973635962762e-11, 1759497483049583155, 
0.02412283420562744, 0.01836639642715454, 4.4171792500107816e-11, 1759497483081470321, 
0.002699553966522217, 0.005731701850891113, 3.3914323619978277e-11, 1759497483109096663, 
-0.0009075403213500977, -0.016048789024353027, 2.3159093169120928e-11, 1759497483138988550, 
-0.029742538928985596, -0.007273733615875244, 2.5895629999818547e-11, 1759497483169057702, 
-0.004413962364196777, -0.0001112222671508789, 6.1077715860522825e-12, 1759497483198978077, 
0.02252250909805298, 0.033835649490356445, -1.4312044895534898e-11, 1759497483229047622, 
0.0475122332572937, -0.01835763454437256, 2.61610938742796e-12, 1759497483259041483, 
-0.004973948001861572, 0.008608579635620117, 1.2972420690916275e-11, 1759497483290452508, 
-0.03400874137878418, -0.023522794246673584, 4.240850278707476e-11, 1759497483321516567, 
-0.001661062240600586, 0.005378842353820801, 9.647046207249797e-11, 1759497483349162819, 
0.04339176416397095, -0.0015902519226074219, 9.985180767110017e-11, 1759497483378110519, 
0.009036064147949219, 0.0038905739784240723, -1.9171493671911333e-06, 1759497483409198628, 
-0.014552533626556396, -0.014014720916748047, -2.059510968126827e-06, 1759497483438137170, 
-0.025223076343536377, -0.01564955711364746, 1.8580590857176442e-10, 1759497483469178686, 
-0.015819191932678223, 0.01496589183807373, 1.3630708027191287e-10, 1759497483499202937, 
0.016520440578460693, 0.03448420763015747, 7.190481059457462e-11, 1759497483529548585, 
0.0020111799240112305, 0.0019037723541259766, 5.190816624238568e-11, 1759497483561567850, 
-0.032153964042663574, -0.007212460041046143, 4.6669025820161014e-11, 1759497483589281017, 
-0.008488357067108154, 0.0035056471824645996, 1.84273924164632e-11, 1759497483619242624, 
0.02948516607284546, -0.0055751800537109375, 9.762751024272779e-13, 1759497483649266610, 
0.002499222755432129, -0.005699813365936279, -9.490626194178337e-16, 1759497483679318670, 
0.00774461030960083, -0.013076245784759521, -4.362779859442323e-12, 1759497483709426552, 
-0.04237300157546997, -0.004059255123138428, -1.5941997011823853e-12, 1759497483739401686, 
-0.000758051872253418, 0.00483173131942749, 1.126597678401696e-11, 1759497483769754701, 
0.03867292404174805, 0.00640183687210083, 2.4563523739711182e-11, 1759497483801928680, 
0.007868587970733643, -0.0029520392417907715, 1.663995395205439e-11, 1759497483829117327, 
-0.013731181621551514, -0.0012797117233276367, -1.6503469086612053e-11, 1759497483860063173, 
-0.0009837746620178223, 0.009430229663848877, 1.765095163131213e-11, 1759497483890076620, 
0.011693894863128662, 0.02006775140762329, 5.286949469553368e-11, 1759497483919112168, 
0.01703542470932007, 0.001802682876586914, 3.3742810279765606e-11, 1759497483950086944, 
-0.01196962594985962, -0.010992348194122314, -5.613115620003039e-11, 1759497483980013033, 
-0.03371328115463257, -0.014742851257324219, -1.0161117488715917e-10, 1759497484009128481, 
0.018632173538208008, 0.0031035542488098145, -5.6416253519047465e-11, 1759497484041552376, 
0.04185682535171509, 0.006484091281890869, -1.0010990422236952e-10, 1759497484071600227, 
0.014432072639465332, 0.00804281234741211, 2.1654601161617384e-06, 1759497484099122428, 
-0.00016361474990844727, -0.013509094715118408, -3.52454138868115e-10, 1759497484129125847, 
-0.012671172618865967, 0.026086628437042236, -3.1442970416317715e-10, 1759497484159142216, 
0.02337515354156494, 0.015232443809509277, -2.314017158963246e-10, 1759497484190180550, 
0.017906665802001953, -0.0064198970794677734, -3.057759977088969e-10, 1759497484219112886, 
0.008722305297851562, -0.026216745376586914, -3.350389866202737e-10, 1759497484250270512, 
-0.03274267911911011, -0.045862436294555664, -3.798035184948093e-10, 1759497484281634876, 
-0.0074803829193115234, 0.017189204692840576, -3.082282532311618e-10, 1759497484311693958, 
0.023073256015777588, 0.006501317024230957, -2.5974765333755195e-10, 1759497484339122857, 
0.004834353923797607, 0.006489992141723633, -2.7408579026348116e-10, 1759497484370177612, 
-0.027639687061309814, -0.02383357286453247, -2.807581866699279e-10, 1759497484399127208, 
-0.05084669589996338, -0.00011050701141357422, -1.6363149774942653e-10, 1759497484430212478, 
-0.005528748035430908, 0.005438804626464844, -6.515258509800051e-11, 1759497484460201312, 
0.0017206072807312012, 0.00365293025970459, -2.7800214172199954e-11, 1759497484490331536, 
0.016196489334106445, 0.0109139084815979, -1.5031108122033147e-11, 1759497484521906636, 
-0.010682165622711182, -0.0068405866622924805, -1.6682546742599352e-12, 1759497484552388995, 
0.014905810356140137, 0.018595993518829346, -6.298655569229727e-12, 1759497484580561562, 
0.029401183128356934, -0.004572749137878418, -4.13270517020963e-11, 1759497484610367779, 
0.022163987159729004, 0.006290137767791748, -1.9888048054913095e-11, 1759497484631806465, 
-0.0284726619720459, -0.006079494953155518, -1.0533229602481296e-11, 1759497484670317322, 
-0.00661015510559082, 0.003123164176940918, -2.2191343281829818e-11, 1759497484700228681, 
0.00800400972366333, -0.02024710178375244, -8.951613463296135e-11, 1759497484730292970, 
-0.015138626098632812, -0.02369636297225952, -1.2719610310785822e-10, 1759497484761992235, 
-0.020541250705718994, 0.0015074610710144043, -1.357490444826885e-10, 1759497484792744690, 
-0.01864314079284668, -0.014498531818389893, -1.7999885914387227e-10, 1759497484820232307, 
0.00015592575073242188, 0.00027823448181152344, 0.00017877548064501844, 1759497484850238798, 
0.025078773498535156, 0.016382455825805664, 0.0021473623053379805, 1759497484880216439, 
-0.806228756904602, 0.497516393661499, 0.06668606249104775, 1759497484910237235, 
-0.6633997559547424, 0.23716449737548828, 0.45207843394689884, 1759497484940176257, 
0.608069658279419, 0.39835548400878906, 0.6259244725730455, 1759497484970331538, 
0.11692506074905396, -0.33255213499069214, 0.5688644971701897, 1759497485001536642, 
0.22579914331436157, -0.4448832869529724, 0.489049591928805, 1759497485032722023, 
-0.30998075008392334, 0.014519095420837402, 0.497275618928631, 1759497485060324869, 
0.36425328254699707, 0.29128193855285645, 0.4764085833666847, 1759497485090288288, 
-0.2696360945701599, 0.23339229822158813, 0.5108851375009189, 1759497485120312976, 
0.04969590902328491, -0.25723230838775635, 0.5463330643317869, 1759497485150332471, 
-0.037308692932128906, -0.033677637577056885, 0.5369661738071342, 1759497485180350774, 
0.2775912284851074, -0.1417953372001648, 0.5126759430082224, 1759497485210382408, 
0.08701556921005249, -0.04619646072387695, 0.4820708843321122, 1759497485241540113, 
0.047981441020965576, 0.07166182994842529, 0.46604273131149954, 1759497485273744433, 
-0.18595075607299805, 0.23133736848831177, 0.549256919870711, 1759497485300352595, 
0.22897332906723022, 0.01314854621887207, 0.5073918508299118, 1759497485330351043, 
-0.39124977588653564, -0.2710862159729004, 0.510532909943469, 1759497485360471649, 
0.3461179733276367, -0.12854069471359253, 0.5211783607023178, 1759497485390512445, 
0.17632949352264404, 0.21331524848937988, 0.5297099483627209, 1759497485420566671, 
-0.07171398401260376, -0.019234538078308105, 0.5242020536985322, 1759497485450775793, 
0.20981478691101074, -0.2430180311203003, 0.497622887720215, 1759497485481563525, 
-0.008083462715148926, -0.059260010719299316, 0.5136796565914368, 1759497485513586448, 
0.057205021381378174, 0.13255548477172852, 0.6475880679396264, 1759497485540619602, 
0.1840888261795044, 0.27420300245285034, 0.5594922248923956, 1759497485570455830, 
0.3699527382850647, -0.05995684862136841, 0.47841352702170953, 1759497485594166023, 
0.0897178053855896, -0.14298242330551147, 0.7362411175124817, 1759497485620486975, 
-0.1357094645500183, 0.21107423305511475, 0.6790210158758962, 1759497485650491611, 
0.08903241157531738, 0.16463124752044678, 0.668007706407036, 1759497485680466281, 
0.09269136190414429, 0.009975135326385498, 0.7279985333564388, 1759497485710495029, 
-0.19761526584625244, 0.13978147506713867, 0.7923819662534308, 1759497485740517603, 
-0.1642059087753296, -0.012316644191741943, 0.8198086289108443, 1759497485770532305, 
0.30926984548568726, 0.0916748046875, 0.7932943900760232, 1759497485801632242, 
-0.10804378986358643, -0.09183812141418457, 0.7739849637405946, 1759497485833609304, 
0.04458564519882202, 0.07887732982635498, 0.8759803270408035, 1759497485860650673, 
0.06827640533447266, -0.26441389322280884, 0.7590368482077321, 1759497485890506932, 
-0.4233309030532837, -0.42812246084213257, 0.6778146675381843, 1759497485920540171, 
0.37213724851608276, -0.1519373655319214, 0.48095545709015286, 1759497485950527676, 
-0.3862338066101074, -0.03519284725189209, 0.35997099159876084, 1759497485980569464, 
-0.2522362470626831, 0.07455748319625854, 0.3599792149298458, 1759497486010636859, 
0.37306082248687744, 0.11986219882965088, 0.35014446394101545, 1759497486042062701, 
0.15642207860946655, -0.020720183849334717, 0.4263816918667664, 1759497486073769677, 
0.16446250677108765, 0.44385647773742676, 0.5966157428091963, 1759497486100699971, 
-0.005874574184417725, -0.059942662715911865, 0.5366756907815153, 1759497486130692495, 
-0.015831708908081055, -0.15086126327514648, 0.5109534577405733, 1759497486160673291, 
-0.009067416191101074, 0.1255255937576294, 0.5446034466461873, 1759497486190681662, 
0.04578369855880737, 0.06681400537490845, 0.5547704001260949, 1759497486220751489, 
0.07667386531829834, -0.0873563289642334, 0.5333919641859111, 1759497486250926582, 
0.05122065544128418, 0.03055262565612793, 0.5244472214052808, 1759497486281660404, 
-0.017843008041381836, 0.025766730308532715, 0.5129600209772901, 1759497486313931162, 
0.005352497100830078, 0.034999191761016846, 0.6194485737716278, 1759497486340878559, 
0.00533217191696167, 0.09280514717102051, 0.5580331584882242, 1759497486370756132, 
0.37808871269226074, -0.08319789171218872, 0.6043419103403269, 1759497486400799464, 
1.5055516958236694, 0.30611997842788696, 0.7331821612466958, 1759497486430845398, 
-0.046296000480651855, 0.07800912857055664, 0.7795730628150009, 1759497486460849314, 
-0.02517598867416382, 0.1304144263267517, 0.7587924911652316, 1759497486490886107, 
-0.4332541823387146, -0.15231430530548096, 0.7509861388611453, 1759497486521862098, 
-0.19556230306625366, 0.020573198795318604, 0.7185022853956458, 1759497486554309714, 
0.009907305240631104, -0.032530009746551514, 0.7912537379364372, 1759497486580986433, 
-0.5602259039878845, -0.14741593599319458, 0.591275393295127, 1759497486610927868, 
0.27848756313323975, -0.15416288375854492, 0.5224341158497314, 1759497486639934775, 
-0.12631440162658691, -0.14783990383148193, 0.45193082534829726, 1759497486669922726, 
0.07834404706954956, 0.22909939289093018, 0.40801295041202856, 1759497486700953060, 
-0.1726704239845276, -0.05562037229537964, 0.42999053990309477, 1759497486729970983, 
0.36891961097717285, -0.035568058490753174, 0.4812485369225215, 1759497486761274201, 
0.2895944118499756, 0.0957368016242981, 0.4814358672127617, 1759497486793805235, 
-0.4813833236694336, -0.03013712167739868, 0.562809604517953, 1759497486820120040, 
0.21089285612106323, 0.10127317905426025, 0.4958055521998697, 1759497486851071012, 
0.19101041555404663, -0.2754315733909607, 0.4295543931723968, 1759497486874461136, 
0.3424893021583557, 0.08064556121826172, 0.5230564632819173, 1759497486901855566, 
-0.21291333436965942, 0.10431432723999023, 0.511736742247045, 1759497486931179274, 
0.04403281211853027, -0.03384554386138916, 0.5145228697382582, 1759497486961171245, 
0.049366116523742676, 0.17653626203536987, 0.4840492913928344, 1759497486991192615, 
-0.06840091943740845, -0.13195103406906128, 0.5150713548594666, 1759497487021173480, 
0.06183105707168579, 0.2645512819290161, 0.5245002174366583, 1759497487051245616, 
0.03470104932785034, 0.02080744504928589, 0.5306191004547473, 1759497487081652207, 
0.08104574680328369, -0.07197058200836182, 0.48155720282497066, 1759497487113709214, 
-0.1610337495803833, -0.059340715408325195, 0.5114077153464006, 1759497487141271033, 
0.664435088634491, 0.014986693859100342, 0.4700360668225307, 1759497487171200885, 
-0.26025938987731934, 0.1296241283416748, 0.4905597155214547, 1759497487201244162, 
0.36831486225128174, 0.21534806489944458, 0.47921036787427074, 1759497487231287024, 
-0.3247113823890686, -0.030868470668792725, 0.49741177790066987, 1759497487261319601, 
0.11208659410476685, -0.03778618574142456, 0.519520550290352, 1759497487291327576, 
-0.17860466241836548, -0.0009127259254455566, 0.4836033539008999, 1759497487322393884, 
0.03423655033111572, 0.06312626600265503, 0.4715826304151309, 1759497487353925686, 
0.13592970371246338, 0.10139358043670654, 0.5249606022794132, 1759497487381465888, 
0.0925300121307373, 0.028746306896209717, 0.506284210877946, 1759497487411408975, 
-0.02428370714187622, 0.18013036251068115, 0.5092313276280696, 1759497487441400174, 
0.23688799142837524, -0.04159349203109741, 0.5229291542247457, 1759497487471407474, 
0.07538449764251709, -0.053192734718322754, 0.50560202095149, 1759497487501454935, 
-0.15898966789245605, -0.11133837699890137, 0.4994357288953391, 1759497487531455737, 
0.2512490153312683, 0.17859017848968506, 0.4755614922146392, 1759497487561679116, 
-0.148551344871521, 0.15913498401641846, 0.4698118294585391, 1759497487593696272, 
0.17932289838790894, -0.01362687349319458, 0.5559102028333693, 1759497487621552790, 
-0.016063928604125977, -0.006279647350311279, 0.5370474394958964, 1759497487651604376, 
-0.039091289043426514, -0.025403499603271484, 0.5241491330488125, 1759497487681556353, 
0.006787657737731934, 0.16241443157196045, 0.5019229609127323, 1759497487711544596, 
0.11991697549819946, 0.0232122540473938, 0.4884935288474085, 1759497487741579003, 
-0.03863900899887085, 0.32759618759155273, 0.5014141059507178, 1759497487771597865, 
0.19565856456756592, -0.27112412452697754, 0.5067283225084079, 1759497487801818777, 
0.16439968347549438, 0.2745005488395691, 0.4891036912749663, 1759497487833140524, 
-0.25565099716186523, -0.19645929336547852, 0.5255195641232545, 1759497487863741886, 
0.2128545045852661, -0.11874037981033325, 0.5604770292119299, 1759497487901880050, 
0.1870751976966858, 0.19185566902160645, 0.49470491854657966, 1759497487931791151, 
-0.011268258094787598, -0.17760252952575684, 0.46595363093973785, 1759497487962327792, 
-0.0020387768745422363, 0.23702335357666016, 0.45517685122251506, 1759497487994418577, 
-0.09169536828994751, -0.6223451495170593, 0.5175527509401265, 1759497488023816518, 
0.12712562084197998, 0.5637950897216797, 0.5515429612122054, 1759497488051842627, 
0.023369431495666504, -0.2559329867362976, 0.47887697871386753, 1759497488081766503, 
0.18828493356704712, 0.5602784752845764, 0.4117131688233777, 1759497488103810158, 
-0.0580562949180603, -0.5566069483757019, 0.5340052779929555, 1759497488131836166, 
0.2886502742767334, 0.46149665117263794, 0.5040681569733382, 1759497488161816273, 
-0.20248055458068848, -0.37450844049453735, 0.45614660834815196, 1759497488184143711, 
0.1271430253982544, 0.09666669368743896, 0.5499040504292465, 1759497488221854908, 
0.22574108839035034, 0.29893213510513306, 0.4972813907841924, 1759497488251900566, 
-0.23413372039794922, -0.4685221314430237, 0.4917991473754467, 1759497488282252249, 
0.39461010694503784, 0.5885129570960999, 0.4993772548497737, 1759497488313743639, 
-0.06842219829559326, -0.15923690795898438, 0.5322320265769257, 1759497488344197542, 
-0.0666741132736206, -0.2079409956932068, 0.5456623697936469, 1759497488371903874, 
-0.08118456602096558, 0.5668253302574158, 0.4924020608845131, 1759497488401914423, 
-0.17292511463165283, -0.06682932376861572, 0.4486281520874141, 1759497488424545196, 
0.20720404386520386, 0.2826659679412842, 0.545318892427821, 1759497488451944715, 
-0.018147170543670654, -0.4527631998062134, 0.4844662886385049, 1759497488481984707, 
-0.09588515758514404, 0.48932480812072754, 0.5033416708484445, 1759497488512008296, 
0.1366761326789856, 0.08892738819122314, 0.5140563476106899, 1759497488542013867, 
-0.24392032623291016, -0.31321972608566284, 0.4997219572158351, 1759497488571426580, 
0.2683597803115845, 0.5944891571998596, 0.49855185223630294, 1759497488601311823, 
-0.04326862096786499, -0.22809243202209473, 0.47792993159084446, 1759497488633711804, 
-0.1756587028503418, -0.1250288486480713, 0.48505589824918355, 1759497488664945662, 
-0.009121239185333252, 0.2155795693397522, 0.5435475381725228, 1759497488702274357, 
0.3138635754585266, 0.35087621212005615, 0.5057541327911185, 1759497488732416114, 
0.15912938117980957, 0.1574183702468872, 0.5011822568990657, 1759497488762371751, 
-0.2302032709121704, -0.3156917691230774, 0.472258595148394, 1759497488794242686, 
0.052412450313568115, 0.26074451208114624, 0.492311952801933, 1759497488824980386, 
-0.30708086490631104, 0.3083493709564209, 0.558373115290386, 1759497488852340388, 
0.45419543981552124, -0.2877550721168518, 0.5198920357178318, 1759497488882280553, 
-0.14620429277420044, 0.4565001130104065, 0.5014547311615356, 1759497488912301784, 
0.009623110294342041, 0.06105166673660278, 0.5268265288903375, 1759497488942311379, 
0.09583675861358643, -0.29935818910598755, 0.5231746085522172, 1759497488972310881, 
-0.2592357397079468, 0.26254570484161377, 0.5020051009316425, 1759497489002365548, 
0.14449602365493774, 0.03426980972290039, 0.4539465791651167, 1759497489033766966, 
-0.15864169597625732, -0.2066383957862854, 0.42693956683696005, 1759497489065731798, 
0.28505009412765503, 0.041926026344299316, 0.5490981287016967, 1759497489092450589, 
0.2536023259162903, 0.3896082043647766, 0.5199389037176618, 1759497489122397262, 
-0.08015245199203491, 0.03257739543914795, 0.5033880153664916, 1759497489152431317, 
0.5035080909729004, -0.17136824131011963, 0.5026857704450882, 1759497489182432384, 
-0.23080521821975708, 0.3888774514198303, 0.48357931374037527, 1759497489212437684, 
0.20511043071746826, 0.15532827377319336, 0.5260281113444265, 1759497489242475690, 
-0.2371227741241455, -0.10218602418899536, 0.5074773944049208, 1759497489273731743, 
-0.3624339699745178, -0.031957268714904785, 0.4709931832889843, 1759497489306189981, 
-0.09498345851898193, 0.1417120099067688, 0.5409839159602273, 1759497489342486381, 
0.10679620504379272, 0.24313879013061523, 0.5142526714979556, 1759497489372516136, 
0.2818373441696167, 0.13231158256530762, 0.5066489777667978, 1759497489402533645, 
-0.3928769826889038, -0.1629433035850525, 0.46870871587484547, 1759497489434213260, 
0.4932413697242737, -0.05200117826461792, 0.47822242995879816, 1759497489465783632, 
-0.13649892807006836, 0.328644335269928, 0.5447349682857164, 1759497489492705369, 
0.06041443347930908, 0.15395021438598633, 0.5241864949607979, 1759497489522590191, 
-0.672197163105011, 0.07014399766921997, 0.5071594063507144, 1759497489552699105, 
0.4285461902618408, -0.407160222530365, 0.510562857044556, 1759497489582791004, 
-0.195681631565094, 0.2959814667701721, 0.49554761274938686, 1759497489612662400, 
0.3004564046859741, 0.1127547025680542, 0.5196912652733521, 1759497489642685370, 
-0.17642760276794434, 0.3523123264312744, 0.5094621794472509, 1759497489674093010, 
0.2190893292427063, -0.06261712312698364, 0.48512395850445417, 1759497489706243753, 
-0.3582283854484558, -0.13167047500610352, 0.5620098681438926, 1759497489732770400, 
-0.060352981090545654, 0.0007331967353820801, 0.5120803025188174, 1759497489762698179, 
0.060320377349853516, 0.23120152950286865, 0.5222568756183373, 1759497489792735229, 
0.16636675596237183, 0.3649827241897583, 0.48828600484531376, 1759497489822737548, 
-0.25349074602127075, 0.07605421543121338, 0.485463053981225, 1759497489852768775, 
-0.35220837593078613, -0.3241209387779236, 0.4842010002228792, 1759497489882847745, 
0.019932150840759277, 0.08157205581665039, 0.4796904939972251, 1759497489913753537, 
0.01971614360809326, 0.5072214603424072, 0.4463443359542103, 1759497489946265320, 
0.17883306741714478, 0.2548762559890747, 0.5628010392064187, 1759497489972946337, 
0.09903073310852051, 0.0890541672706604, 0.4921523999055234, 1759497490002872739, 
-0.06553661823272705, -0.02544689178466797, 0.4941816483346404, 1759497490032893454, 
-0.0764244794845581, -0.0490533709526062, 0.5020152863085732, 1759497490062931349, 
0.19406962394714355, 0.2680947184562683, 0.5027462241006875, 1759497490092904015, 
-0.16223859786987305, 0.13235414028167725, 0.49507229697521066, 1759497490122912076, 
0.1717597246170044, 0.28853029012680054, 0.4845579805948341, 1759497490154089119, 
0.14171725511550903, -0.03640490770339966, 0.4824539825259211, 1759497490185894975, 
0.04769784212112427, 0.15785151720046997, 0.5429665405402979, 1759497490212983103, 
0.629788339138031, 0.05683106184005737, 0.49590397409254483, 1759497490242997742, 
-0.3366677165031433, 0.4414001703262329, 0.4178203454538297, 1759497490266392634, 
-0.52545565366745, 0.20296305418014526, 0.5839174100544925, 1759497490292131171, 
0.25712865591049194, 0.1852715015411377, 0.4818928494236144, 1759497490323036658, 
-0.10462367534637451, -0.15792089700698853, 0.4968907829511327, 1759497490353083196, 
0.2828931212425232, -0.136671245098114, 0.5537306301748768, 1759497490381136952, 
0.018516957759857178, 0.6657060980796814, 0.4819487448485664, 1759497490413280716, 
0.26940786838531494, -0.3611263632774353, 0.566124476878353, 1759497490441134595, 
-0.2258259654045105, -0.06802248954772949, 0.49558417090316365, 1759497490472830732, 
-0.07903903722763062, 0.025232970714569092, 0.47479167756799656, 1759497490505881784, 
0.31643569469451904, -0.1466180682182312, 0.5292575973243009, 1759497490533194059, 
-0.2503219246864319, 0.395710825920105, 0.47989935262575534, 1759497490563195355, 
0.5022938251495361, 0.05546700954437256, 0.5145020584069037, 1759497490593201288, 
-0.06149023771286011, 0.42563396692276, 0.49198340298747817, 1759497490623195850, 
-0.09939253330230713, 0.496218740940094, 0.50751021001766, 1759497490653419225, 
0.12593728303909302, -0.17223018407821655, 0.535894721347808, 1759497490683270241, 
0.006602108478546143, 0.2215774655342102, 0.5214291066869219, 1759497490714256239, 
0.1364591121673584, 0.10037457942962646, 0.46964671382072354, 1759497490745852270, 
0.0380328893661499, 0.1876245141029358, 0.5373058207558712, 1759497490773340725, 
0.21315276622772217, 0.332705020904541, 0.5157106087140373, 1759497490803354765, 
0.2190340757369995, -0.012084126472473145, 0.5118549510004918, 1759497490833335540, 
0.06559664011001587, 0.4314032196998596, 0.5032702608639859, 1759497490863384043, 
0.7111132144927979, 0.09644436836242676, 0.5087636459951195, 1759497490893433034, 
0.1815032958984375, 0.02646958827972412, 0.5113811609321979, 1759497490923507941, 
-0.3472577929496765, 0.26334142684936523, 0.5097400839301407, 1759497490953924799, 
-0.25953781604766846, 0.0230482816696167, 0.49298114183435054, 1759497490985951370, 
-0.08246666193008423, -0.12931394577026367, 0.5565165413219963, 1759497491013449926, 
-0.309337854385376, 0.4539681077003479, 0.49537023904555055, 1759497491043466891, 
0.4660451412200928, -0.07922464609146118, 0.4823203806277819, 1759497491073453029, 
0.08516645431518555, 0.2980915904045105, 0.472117889595357, 1759497491103488770, 
0.09321200847625732, 0.4151231646537781, 0.4906377137772758, 1759497491133706420, 
0.27823930978775024, 0.2685398459434509, 0.49469566848585256, 1759497491163567805, 
-0.2786274552345276, 0.03936094045639038, 0.514010744064286, 1759497491193133555, 
-0.1582295298576355, -0.006832242012023926, 0.4764074094512533, 1759497491226265720, 
-0.0514523983001709, 0.6337461471557617, 0.5588445162274124, 1759497491253676553, 
-0.11534613370895386, -0.36551594734191895, 0.4827163220449935, 1759497491283633243, 
-0.2115461826324463, -0.2140560746192932, 0.4781042154088237, 1759497491313631913, 
-0.027601540088653564, 0.21364188194274902, 0.5111422026284541, 1759497491343731231, 
0.2528231739997864, 0.2203260064125061, 0.5057308467801279, 1759497491373657253, 
-0.3531659245491028, -0.2784948945045471, 0.5024799684229235, 1759497491403669338, 
-0.26658838987350464, -0.15203958749771118, 0.4949537748312507, 1759497491433847175, 
0.0756869912147522, -0.106533944606781, 0.4669985384829722, 1759497491466284821, 
0.26841241121292114, -0.08069127798080444, 0.5703802892897578, 1759497491493866804, 
-0.11824077367782593, -0.1738802194595337, 0.5249505000034289, 1759497491523815647, 
-0.3626559376716614, 0.2509003281593323, 0.49664318502182164, 1759497491553727502, 
0.8522108793258667, -0.2553589344024658, 0.5252781863703911, 1759497491583749525, 
-0.23663026094436646, 0.062109410762786865, 0.5113408445007971, 1759497491613828029, 
0.12087434530258179, 0.40978819131851196, 0.4937921578666071, 1759497491643813718, 
0.04061645269393921, 0.0962095856666565, 0.4903786218418724, 1759497491674304615, 
-0.08206886053085327, 0.08613842725753784, 0.4806744129002227, 1759497491705843668, 
0.6354052424430847, 0.35781800746917725, 0.5337495296983439, 1759497491733910740, 
-0.15716099739074707, 0.5024466514587402, 0.5041760398067201, 1759497491763903848, 
0.05827218294143677, 0.35491716861724854, 0.5099889861698007, 1759497491793973903, 
0.668276309967041, 0.3544543385505676, 0.4956307597901065, 1759497491823929254, 
-0.15288031101226807, 0.10691225528717041, 0.5013826390319815, 1759497491853912313, 
0.49603956937789917, 0.6290151476860046, 0.5009555659915492, 1759497491883943627, 
-0.2805721163749695, 0.18676066398620605, 0.46787268738132776, 1759497491914659288, 
-0.07051485776901245, 0.0864836573600769, 0.44575828765116293, 1759497491945908523, 
-0.17187875509262085, -0.5688669085502625, 0.5158257138656203, 1759497491974018458, 
-0.4434635639190674, -0.3792499899864197, 0.48686725474777687, 1759497492003998606, 
-0.18904757499694824, -0.021890342235565186, 0.49769400319282153, 1759497492033110014, 
0.06758934259414673, 0.8149461150169373, 0.5163521487229977, 1759497492064074071, 
0.08782994747161865, 0.8094785213470459, 0.5242272102706866, 1759497492094066296, 
0.3726218342781067, -0.16173028945922852, 0.5180274118496588, 1759497492124228219, 
-0.18050360679626465, 0.23620057106018066, 0.5009017008665089, 1759497492154175240, 
-0.049448251724243164, -0.286551296710968, 0.47048173351354905, 1759497492186344723, 
0.029491305351257324, -0.09508079290390015, 0.48593853042281, 1759497492216251545, 
-0.31004631519317627, -0.32080358266830444, 0.5128383482370024, 1759497492244161624, 
0.5809648633003235, 0.3516143560409546, 0.47789987748543233, 1759497492274168200, 
-0.11693143844604492, 0.0058983564376831055, 0.46993482457516117, 1759497492304170974, 
-0.36943531036376953, 0.19968336820602417, 0.5099756100478423, 1759497492334213926, 
0.3566962480545044, 0.31905508041381836, 0.5331960746288341, 1759497492364195726, 
-0.05970287322998047, 0.18748939037322998, 0.506977761646419, 1759497492394561901, 
0.21417927742004395, -0.04482942819595337, 0.5118519901328634, 1759497492424960390, 
-0.8370073437690735, -0.3281487226486206, 0.46442442886510493, 1759497492456835673, 
0.47904902696609497, -0.09459584951400757, 0.546418136182301, 1759497492484275737, 
-0.1796160340309143, -0.5678320527076721, 0.44830047645224325, 1759497492506453483, 
-0.19216269254684448, 0.2282138466835022, 0.4758848208610211, 1759497492536888369, 
0.007002055644989014, 0.1933651566505432, 0.5430515217014756, 1759497492564343342, 
-0.011091649532318115, 0.3875856399536133, 0.501699406755366, 1759497492594411991, 
0.4380073547363281, 0.27092111110687256, 0.49468931018188245, 1759497492624357912, 
-0.17745757102966309, 0.09922587871551514, 0.49625604141488305, 1759497492654451623, 
-0.016022920608520508, -0.0541839599609375, 0.4934525048899805, 1759497492684396856, 
0.17512834072113037, -0.14469897747039795, 0.5157203368224407, 1759497492714623545, 
-0.2691720724105835, 0.43701255321502686, 0.487172830299579, 1759497492746704224, 
-0.25747591257095337, 0.4346509575843811, 0.494943016927605, 1759497492777641136, 
-0.08373290300369263, 0.35783618688583374, 0.5464660214971234, 1759497492804555571, 
0.4056345820426941, -0.552749514579773, 0.5079042388213656, 1759497492834678819, 
-0.037368714809417725, 0.07601433992385864, 0.5114965436763981, 1759497492864599373, 
0.49574679136276245, 0.4648441672325134, 0.47020437140992943, 1759497492894755995, 
0.05552631616592407, -0.24286168813705444, 0.4884657693708859, 1759497492924550030, 
-0.037112653255462646, -0.3898129463195801, 0.5048692272399442, 1759497492954696110, 
-0.02676689624786377, 0.6441665887832642, 0.4636774886495956, 1759497492986177914, 
-0.2665960192680359, 0.07732540369033813, 0.4562944360355919, 1759497493017700855, 
0.006282687187194824, 0.22094601392745972, 0.5169574583718788, 1759497493044690637, 
-0.40238678455352783, -0.27994364500045776, 0.46370722314927854, 1759497493074642589, 
0.10375845432281494, 0.36385637521743774, 0.5148676932683334, 1759497493104665523, 
0.295149564743042, 0.4110983610153198, 0.48826965523221405, 1759497493134691310, 
0.15649092197418213, 0.4789007902145386, 0.5013576587761955, 1759497493164695325, 
-0.10912078619003296, 0.401439905166626, 0.5000619785212763, 1759497493194755526, 
0.08411610126495361, 0.20421665906906128, 0.457847495874461, 1759497493225939932, 
-0.11327308416366577, -0.3262408971786499, 0.4456506723229658, 1759497493257677648, 
0.017578840255737305, 0.5518558025360107, 0.511676156839491, 1759497493284757100, 
0.3419930338859558, 0.0028231143951416016, 0.42921311540316176, 1759497493314749644, 
-0.5032497048377991, 0.020344674587249756, 0.41884190093581714, 1759497493344765458, 
0.3769259452819824, -0.3173419237136841, 0.43679044063688666, 1759497493375573944, 
-0.10328042507171631, 0.09678733348846436, 0.4549352152127106, 1759497493405481562, 
-0.23226112127304077, 0.27882838249206543, 0.45564859720284134, 1759497493435560966, 
0.17931729555130005, 0.42886871099472046, 0.4524482849653849, 1759497493465952787, 
-0.31548142433166504, 0.06840914487838745, 0.42832913329361666, 1759497493497865771, 
0.24503201246261597, 0.040837764739990234, 0.4654789691170736, 1759497493525496167, 
-0.07985550165176392, 0.051161229610443115, 0.4353733461255842, 1759497493555523522, 
0.17679089307785034, 0.520503580570221, 0.4465748499030251, 1759497493585621469, 
0.20703625679016113, 0.5340387225151062, 0.42951638525089364, 1759497493615563616, 
-0.09616720676422119, 0.26046067476272583, 0.4439478689053769, 1759497493645637361, 
-0.2010800838470459, -0.2564288377761841, 0.4521063180489127, 1759497493675614267, 
0.1350572109222412, 0.44667255878448486, 0.4424575614027682, 1759497493706273440, 
0.10112166404724121, 0.1473979353904724, 0.4437363760732182, 1759497493737417439, 
-0.6664248704910278, 0.19824087619781494, 0.4814182972106534, 1759497493765028030, 
0.37183964252471924, 0.07574886083602905, 0.43213644652064614, 1759497493795057221, 
-0.19070643186569214, 0.20428043603897095, 0.41591313671366614, 1759497493825603294, 
0.10483002662658691, 0.3593878149986267, 0.4240774387711421, 1759497493855620785, 
0.13404697179794312, 0.010306775569915771, 0.4051885249577992, 1759497493885620261, 
-0.35333532094955444, -0.35349637269973755, 0.4359032769809584, 1759497493915645999, 
-0.18223178386688232, 0.1474285125732422, 0.4095089038516821, 1759497493946443239, 
-0.026233315467834473, 0.21697783470153809, 0.3935362494334563, 1759497493978252243, 
0.4281200170516968, 0.3398520350456238, 0.4765007873118767, 1759497494005564838, 
-0.029816925525665283, 0.21248513460159302, 0.43039128769428253, 1759497494035658572, 
-0.20550107955932617, -0.08030498027801514, 0.4420301375439339, 1759497494065614250, 
-0.08785563707351685, -0.14602530002593994, 0.44821998942797087, 1759497494095204529, 
0.38965582847595215, 0.5459770560264587, 0.4273771664873714, 1759497494125198305, 
-0.11655491590499878, 0.643871545791626, 0.41037375332364984, 1759497494155239169, 
0.06622189283370972, 0.10101562738418579, 0.414665543689448, 1759497494185997888, 
0.0116158127784729, 0.011644840240478516, 0.40459975542879356, 1759497494218259566, 
-0.2632709741592407, 0.0394749641418457, 0.5055263085727488, 1759497494245353843, 
-0.09999716281890869, 0.9555460214614868, 0.4488880545062905, 1759497494275318327, 
0.4422838091850281, -0.031154513359069824, 0.4510925938502741, 1759497494304351508, 
-0.459428608417511, -0.3086394667625427, 0.4466647217488715, 1759497494334337697, 
0.2871779799461365, 0.19134628772735596, 0.42405396269272455, 1759497494365380746, 
-0.18722373247146606, 0.24991822242736816, 0.40122725830577777, 1759497494395391986, 
0.5275382995605469, 0.4649011492729187, 0.40300188541973664, 1759497494426014279, 
0.2308172583580017, 0.43565279245376587, 0.3780761674539947, 1759497494458933390, 
-0.6132042407989502, -0.10214626789093018, 0.475649893404792, 1759497494485600438, 
0.35296326875686646, -0.24917060136795044, 0.4328057958069521, 1759497494515500080, 
-0.21813392639160156, 0.2685720920562744, 0.4301653580953628, 1759497494545658727, 
-0.13931363821029663, -0.24248182773590088, 0.4368018633572258, 1759497494575444347, 
-0.34769463539123535, -0.028055965900421143, 0.42640490254142094, 1759497494605496975, 
0.6621792316436768, 0.18464243412017822, 0.44621754486693965, 1759497494635507978, 
-0.22937703132629395, 0.3335692286491394, 0.42389875244718195, 1759497494666055411, 
-0.20651471614837646, 0.25832074880599976, 0.3831519601590463, 1759497494698398879, 
0.2596452236175537, -0.6062228083610535, 0.4605703372951112, 1759497494725627389, 
0.163488507270813, 0.17408901453018188, 0.4218395450418804, 1759497494755610650, 
-0.05632627010345459, 0.33857405185699463, 0.39188309982765623, 1759497494785837853, 
-0.1601824164390564, -0.060797035694122314, 0.4177533279117088, 1759497494815645498, 
0.08195918798446655, -0.16645514965057373, 0.41121356318850344, 1759497494845666418, 
-0.35719573497772217, -0.2347942590713501, 0.41224204392871644, 1759497494875663554, 
0.009521543979644775, 0.014296233654022217, 0.42272517791609454, 1759497494906846133, 
0.258325457572937, 0.616297721862793, 0.41406090043346366, 1759497494938499709, 
-0.019563496112823486, 0.19135236740112305, 0.44325126827663697, 1759497494965729879, 
-0.07197690010070801, 0.21962064504623413, 0.3925522013405911, 1759497494995710395, 
-0.12004685401916504, -0.25866037607192993, 0.39897763504002226, 1759497495025735621, 
-0.05858409404754639, 0.18897640705108643, 0.43372573155881217, 1759497495055742875, 
0.14167600870132446, 0.8558472394943237, 0.4106800875478465, 1759497495085796268, 
0.10057997703552246, 0.2861979603767395, 0.3960678095086136, 1759497495115834450, 
-0.1445467472076416, -0.0023164749145507812, 0.3897795050968431, 1759497495146172184, 
0.2373543381690979, 0.01923072338104248, 0.367536002134954, 1759497495178196931, 
-0.26908886432647705, 0.2949255108833313, 0.42126423566327803, 1759497495205904768, 
-0.09775400161743164, 0.23329538106918335, 0.4054436983584177, 1759497495235884727, 
0.3441603183746338, 0.19213652610778809, 0.38876597829899306, 1759497495265913101, 
-0.10277312994003296, -0.14848226308822632, 0.40082157535931884, 1759497495295912170, 
-0.08499538898468018, 0.04782384634017944, 0.40631928639509773, 1759497495325979731, 
0.22916638851165771, -0.06990069150924683, 0.4171999402782169, 1759497495355115615, 
-0.4158707857131958, 0.08943808078765869, 0.3735563059938687, 1759497495386695010, 
0.08476954698562622, 0.3106217384338379, 0.3713621537532683, 1759497495418635663, 
0.1408900022506714, 0.45362067222595215, 0.4175150748465964, 1759497495445999270, 
-0.14162778854370117, 0.6031721830368042, 0.3808418734737058, 1759497495475954273, 
-0.005301952362060547, 0.23702013492584229, 0.3952118637218444, 1759497495506005899, 
0.0026418566703796387, -0.007135570049285889, 0.38652635379058514, 1759497495536020832, 
0.2170323133468628, 0.3604635000228882, 0.3800709064364327, 1759497495566091732, 
0.5132177472114563, 0.5755100846290588, 0.3971607831887481, 1759497495596063083, 
0.07731956243515015, 0.28989720344543457, 0.4080468860905492, 1759497495625132490, 
-0.22170084714889526, -0.19009804725646973, 0.34786484487870434, 1759497495658202765, 
0.04697728157043457, 0.3151005506515503, 0.40383049182366815, 1759497495686557422, 
-0.28470611572265625, 0.12806957960128784, 0.38778176593473956, 1759497495716181698, 
0.2096768617630005, 0.5377742052078247, 0.3712888030997311, 1759497495746205052, 
0.1673496961593628, -0.20888465642929077, 0.3408291292091048, 1759497495776180900, 
-0.18445229530334473, -0.1609055995941162, 0.3247100375910698, 1759497495806198102, 
0.44028347730636597, -0.34197670221328735, 0.3463518664289673, 1759497495836192002, 
-9.948015213012695e-05, 0.20762115716934204, 0.3637485162138682, 1759497495866727901, 
-0.025474727153778076, 0.40682071447372437, 0.34163731950889004, 1759497495898344585, 
-0.32217085361480713, 0.28149789571762085, 0.3391727220929776, 1759497495928227490, 
0.14650630950927734, 0.2568511366844177, 0.38556195634932566, 1759497495966270556, 
-0.04303199052810669, 0.783536434173584, 0.35847412683288093, 1759497495996325507, 
0.35282570123672485, 0.21591073274612427, 0.35495276063019054, 1759497496026367756, 
-0.7033184766769409, -0.2822873592376709, 0.33289933595023175, 1759497496058844393, 
0.4069148898124695, 0.3148757815361023, 0.3731469944618795, 1759497496087493998, 
-0.13107264041900635, 0.5451145768165588, 0.38466363327321607, 1759497496116529970, 
-0.2706255316734314, 0.44902145862579346, 0.3976704808943967, 1759497496146435316, 
0.04173809289932251, -0.12256383895874023, 0.3796279281290577, 1759497496176567280, 
-0.21454912424087524, 0.3392372131347656, 0.35859182421601543, 1759497496206493159, 
0.00518113374710083, 0.13514775037765503, 0.3479716269423359, 1759497496235430394, 
0.14064234495162964, -0.291004478931427, 0.3251964279586199, 1759497496266446709, 
-0.47332763671875, -0.18092209100723267, 0.30061038511675703, 1759497496298325935, 
0.6869319081306458, 0.40949130058288574, 0.33977755734150616, 1759497496328508171, 
0.043011367321014404, 0.1597660779953003, 0.3775131408295377, 1759497496356546261, 
0.1468067765235901, 0.42688751220703125, 0.3426880146384672, 1759497496386505271, 
0.05064040422439575, 0.18707048892974854, 0.33842675605013395, 1759497496416519108, 
-0.47670966386795044, -0.3201550245285034, 0.3530557873359812, 1759497496446583747, 
0.339694619178772, 0.033428192138671875, 0.3518338300512373, 1759497496476586823, 
0.03808408975601196, 0.38421332836151123, 0.3208001685715088, 1759497496506822569, 
-0.39179980754852295, 0.32436710596084595, 0.2964981996796548, 1759497496538283380, 
0.15139317512512207, 0.10685920715332031, 0.3217006671163412, 1759497496569679464, 
-0.4571647644042969, 0.07660430669784546, 0.3914652750600774, 1759497496596661009, 
-0.09818077087402344, 0.13720959424972534, 0.33973618208811424, 1759497496626655347, 
0.022887051105499268, 0.27254045009613037, 0.3352585470309764, 1759497496656650792, 
-0.23393279314041138, 0.28026437759399414, 0.33852593621051363, 1759497496686724773, 
-0.5023500323295593, 0.38534998893737793, 0.32453896291048967, 1759497496716679539, 
0.3242869973182678, 0.47471725940704346, 0.30825373454237026, 1759497496747020117, 
-0.2637942433357239, 0.171431303024292, 0.3250177106536442, 1759497496778248756, 
-0.057840049266815186, 0.1568005084991455, 0.3068377721302677, 1759497496809759172, 
0.010275542736053467, 0.6444919109344482, 0.29197959238228904, 1759497496836822529, 
-0.1706039309501648, -0.08151894807815552, 0.30660914728664634, 1759497496866851279, 
-0.15703248977661133, 0.22670716047286987, 0.310609354890559, 1759497496896842114, 
0.004274606704711914, -0.09921014308929443, 0.32972262735393093, 1759497496926857928, 
-0.0685577392578125, -0.05071133375167847, 0.3265324410960296, 1759497496956889133, 
0.09368014335632324, 0.19598954916000366, 0.2900347067046918, 1759497496986992986, 
-0.3255067467689514, 0.10231620073318481, 0.2803498548929938, 1759497497018933510, 
-0.4459216594696045, 0.2998356819152832, 0.30686364174987213, 1759497497049435668, 
0.8549296855926514, 0.6194487810134888, 0.3461607612131606, 1759497497076964616, 
-0.15185928344726562, 0.03589874505996704, 0.3218545934346094, 1759497497106965692, 
-0.6721476316452026, -0.10213083028793335, 0.30816926354861196, 1759497497136921884, 
0.3197721242904663, -0.20677775144577026, 0.3460171275289486, 1759497497166963520, 
-0.22149580717086792, 0.24030250310897827, 0.3354075714568124, 1759497497196960071, 
0.00960773229598999, 0.39496004581451416, 0.3306898340564993, 1759497497226983474, 
0.5662475228309631, -0.26230764389038086, 0.32283875842799986, 1759497497258345164, 
-0.2224198579788208, -0.3453529477119446, 0.3345622100469909, 1759497497290535266, 
0.28730708360671997, -0.12075239419937134, 0.4203424572059945, 1759497497316104142, 
0.2723931074142456, 0.06986069679260254, 0.32775724077004653, 1759497497346122658, 
-0.3110206127166748, 0.08006983995437622, 0.29622676558432653, 1759497497377092328, 
0.3892483115196228, 0.3320273160934448, 0.3355413316230889, 1759497497407147099, 
-0.30048030614852905, -0.6958819627761841, 0.3538562221851652, 1759497497436131385, 
0.3547835350036621, 0.0010924935340881348, 0.32167239793678964, 1759497497467186113, 
-0.19843971729278564, 0.1984696388244629, 0.3031434116268234, 1759497497498415437, 
-0.09989947080612183, 0.22959381341934204, 0.3178747035992546, 1759497497530880609, 
-0.6347084641456604, -0.3857033848762512, 0.40087959693765457, 1759497497557340751, 
0.17970621585845947, -0.13643032312393188, 0.3330149067221605, 1759497497587256368, 
-0.3157356381416321, -0.12337511777877808, 0.28608156149506353, 1759497497617216407, 
-0.16532915830612183, 0.11160320043563843, 0.2864777637238817, 1759497497647244067, 
0.24099719524383545, 0.14195263385772705, 0.3028874410918477, 1759497497677251227, 
-0.632035493850708, 0.1898212432861328, 0.30306157834532815, 1759497497707278289, 
0.9892191290855408, -0.23604577779769897, 0.30202021630605824, 1759497497738660988, 
0.06471866369247437, -0.25291866064071655, 0.31263372018404567, 1759497497770759875, 
-0.4340664744377136, 0.5184078812599182, 0.368120648443171, 1759497497797471056, 
0.149524986743927, -0.12169164419174194, 0.3062102354120728, 1759497497827604849, 
-0.27841317653656006, 0.4295538067817688, 0.29036530355590867, 1759497497857454177, 
-0.40236157178878784, 1.1880671977996826, 0.2942254823950417, 1759497497887434947, 
0.530753493309021, 0.6491464376449585, 0.31904412723839526, 1759497497917397128, 
-0.40411996841430664, 0.34546399116516113, 0.32719588578738384, 1759497497947430615, 
0.539139986038208, 0.5450270771980286, 0.29359244698702625, 1759497497978727202, 
-0.24497997760772705, 0.21597504615783691, 0.2835081281590393, 1759497498010539819, 
-0.059031128883361816, -0.32903963327407837, 0.3457254867701654, 1759497498047468153, 
-0.6050881147384644, -0.6168255805969238, 0.28677065323851914, 1759497498077467720, 
-0.16990381479263306, 0.12637823820114136, 0.2799863659602717, 1759497498107532107, 
-0.16869193315505981, 0.034890949726104736, 0.29246050210782987, 1759497498137630824, 
0.026408791542053223, 0.27215176820755005, 0.2677799356009988, 1759497498169784881, 
-0.6049579381942749, -0.14197403192520142, 0.28599349497523835, 1759497498197595255, 
0.5710960030555725, -0.03686779737472534, 0.2819096481384514, 1759497498227616605, 
-0.1992214322090149, 0.15084630250930786, 0.3293424228117257, 1759497498257612564, 
-0.31963133811950684, 0.8069987297058105, 0.3111345071977437, 1759497498287672538, 
0.44957399368286133, -0.1747083067893982, 0.30383591274576827, 1759497498317678528, 
-0.3303050398826599, -0.08347344398498535, 0.3124908913265947, 1759497498347698734, 
0.0838468074798584, -0.17687463760375977, 0.29174412391081206, 1759497498379669599, 
0.13212686777114868, -0.09915995597839355, 0.2759676568278686, 1759497498410600145, 
-0.07187527418136597, 0.3823985457420349, 0.31063481522411257, 1759497498437768139, 
-0.11196649074554443, 0.22220581769943237, 0.29916600176389146, 1759497498467734585, 
-0.06707245111465454, -0.27839624881744385, 0.3114121177956595, 1759497498497712408, 
-0.26125389337539673, -0.3326570987701416, 0.31750069351681326, 1759497498527763916, 
0.28818750381469727, 0.5048637986183167, 0.3240673198302419, 1759497498557751610, 
-0.05380582809448242, 0.2668876647949219, 0.32056719646128884, 1759497498587792213, 
0.3935120701789856, 0.03177708387374878, 0.3037738790459506, 1759497498618818655, 
-0.27055037021636963, 0.24294811487197876, 0.27711597111626807, 1759497498650671029, 
-0.37279629707336426, 0.40353286266326904, 0.3179188247835246, 1759497498677988120, 
0.2477649450302124, 0.18766272068023682, 0.2781662375489908, 1759497498707903428, 
-0.04938912391662598, -0.24154114723205566, 0.24419141831874427, 1759497498737968668, 
-0.22207605838775635, -0.0068787336349487305, 0.2518550971653232, 1759497498767941729, 
0.31709760427474976, 0.24582093954086304, 0.2979946523871626, 1759497498797159677, 
-0.023832976818084717, 0.3883369565010071, 0.31904649776730604, 1759497498828027867, 
-0.37244290113449097, 0.08568727970123291, 0.300858251499923, 1759497498858746640, 
0.21837294101715088, -0.4141671657562256, 0.2747773351351611, 1759497498890670239, 
-0.2905208468437195, -0.3385074734687805, 0.33942771800032984, 1759497498917984690, 
0.0166703462600708, 0.46623557806015015, 0.3013534945869474, 1759497498947999912, 
0.42769670486450195, 0.03580278158187866, 0.2703910709575818, 1759497498978014292, 
-0.4814745783805847, -0.4033857583999634, 0.26442401921905145, 1759497499008025859, 
-0.07279616594314575, -0.4927316904067993, 0.27411358674736885, 1759497499038028235, 
-0.037706732749938965, -0.34636253118515015, 0.309308745431115, 1759497499068082059, 
-0.19481146335601807, -0.046572983264923096, 0.32389545336414544, 1759497499098601494, 
0.1775016188621521, -0.07267940044403076, 0.28362234596038877, 1759497499130927357, 
-0.3006775379180908, -0.39454972743988037, 0.3398086871423924, 1759497499157141644, 
-0.11791425943374634, -0.33680301904678345, 0.29345554829759096, 1759497499188155975, 
0.08052080869674683, 0.15823829174041748, 0.28120945385567575, 1759497499217129718, 
-0.5475153923034668, 0.08125799894332886, 0.25003383405261714, 1759497499248181292, 
0.703414261341095, 0.21251004934310913, 0.2734273090659784, 1759497499277127793, 
-0.06526291370391846, 0.013995528221130371, 0.24502097125602815, 1759497499308230438, 
-0.37115561962127686, 0.11227560043334961, 0.2927573298920362, 1759497499338565325, 
0.4625816345214844, 0.20932656526565552, 0.2876001894375872, 1759497499370356936, 
0.44055771827697754, 0.4912652373313904, 0.27513408833534203, 1759497499400295572, 
-0.14850759506225586, 0.5557990670204163, 0.2808324604512017, 1759497499428272976, 
-0.1786034107208252, 0.1889210343360901, 0.27952859625587234, 1759497499458365921, 
0.09247177839279175, 0.18622970581054688, 0.29993320350063557, 1759497499488402711, 
-0.34064680337905884, 0.36746323108673096, 0.285237893937551, 1759497499518321428, 
-0.09688746929168701, -0.24040544033050537, 0.26591201634040085, 1759497499548376984, 
-0.019726216793060303, -0.3893435001373291, 0.24708637829992636, 1759497499578891285, 
0.22798281908035278, -0.23494625091552734, 0.249133877758608, 1759497499610368642, 
0.03822368383407593, -0.010738670825958252, 0.3024358847871727, 1759497499640422403, 
-0.3492637872695923, -0.25806039571762085, 0.33958168079701545, 1759497499668424667, 
0.3213384747505188, -0.08423084020614624, 0.28406235380969874, 1759497499698419238, 
-0.26722055673599243, -0.5393576622009277, 0.2659059652611029, 1759497499728470536, 
-0.24203723669052124, 0.022019267082214355, 0.2588415217238508, 1759497499758506349, 
0.7259520292282104, 0.1589118242263794, 0.2609416382616137, 1759497499788484176, 
-0.4270322322845459, 0.06782901287078857, 0.2551494235500246, 1759497499818741661, 
0.44121772050857544, -0.18131917715072632, 0.24920239829813298, 1759497499850477215, 
-0.01627737283706665, -0.379497230052948, 0.26299042404824197, 1759497499881017924, 
-0.23651856184005737, 0.41532236337661743, 0.28978233467661973, 1759497499908660135, 
0.23936694860458374, 0.43514376878738403, 0.24942835871194755, 1759497499938570156, 
0.015625, -0.03128916025161743, 0.2467899605317533, 1759497499961065132, 
-0.07170605659484863, 0.3299349546432495, 0.32769765467818524, 1759497499988698526, 
-0.3820182681083679, 0.02315133810043335, 0.26943286338139866, 1759497500017609701, 
0.0560573935508728, -0.9114893674850464, 0.2308052672983167, 1759497500048629970, 
-0.2362349033355713, -0.06338167190551758, 0.2615262641171286, 1759497500077622864, 
0.1096949577331543, 0.1949368119239807, 0.23607002273120045, 1759497500108705891, 
0.18864059448242188, 0.23638266324996948, 0.2397648649992751, 1759497500138670010, 
-0.4421083331108093, 0.3870527744293213, 0.24277911941466226, 1759497500170648687, 
-0.09875863790512085, 0.7901831865310669, 0.2491960460647553, 1759497500201524643, 
-0.1734359860420227, -0.09260106086730957, 0.3041447810869044, 1759497500228801686, 
-0.15731364488601685, 0.6136650443077087, 0.2915849997763219, 1759497500258772559, 
0.25805366039276123, 0.9020808935165405, 0.2955593714499719, 1759497500288784518, 
-0.18841534852981567, -0.4805954098701477, 0.26445697144921193, 1759497500318877622, 
0.5554018616676331, 0.015189945697784424, 0.2675313574063247, 1759497500348824502, 
-0.18860477209091187, 0.1288372278213501, 0.2553206854525897, 1759497500378851431, 
-0.09175252914428711, 0.17380565404891968, 0.2347080239996089, 1759497500410835409, 
-0.18021154403686523, -0.5788826942443848, 0.2707754603633757, 1759497500441859492, 
-0.06404852867126465, 0.3179693818092346, 0.3048205231302516, 1759497500468942185, 
-0.03096640110015869, 0.06594550609588623, 0.26630906414743044, 1759497500498911601, 
0.3168955445289612, 0.31841474771499634, 0.2514184041342978, 1759497500528885250, 
0.03976470232009888, 0.1871519684791565, 0.2485816914758445, 1759497500558958597, 
-0.5018255710601807, 0.1630188226699829, 0.24013261938852362, 1759497500588954375, 
0.2961687445640564, -0.306643545627594, 0.2609337214090055, 1759497500619005791, 
-0.4007042646408081, 0.3302386403083801, 0.261267333322776, 1759497500650816501, 
0.7675950527191162, 0.8393465876579285, 0.23208549261990524, 1759497500682390061, 
-0.04828459024429321, -0.34847766160964966, 0.29623758232908237, 1759497500709081074, 
-0.25764650106430054, -0.047801077365875244, 0.27533247965054386, 1759497500739001094, 
-0.29861438274383545, 0.5544406175613403, 0.253225167291299, 1759497500769022427, 
0.5825953483581543, 0.7226237058639526, 0.2489765350708245, 1759497500799057061, 
-0.20438098907470703, 0.41185295581817627, 0.24136539389673553, 1759497500829327349, 
0.27299249172210693, 0.49932020902633667, 0.23015168871751235, 1759497500858128002, 
-0.543398916721344, -0.5729242563247681, 0.2287835561855827, 1759497500890486965, 
0.2933152914047241, 0.05148345232009888, 0.25129195177521146, 1759497500922824358, 
-0.1355012059211731, 0.2451818585395813, 0.2847316095123867, 1759497500949189587, 
-0.14506590366363525, 0.12962955236434937, 0.2816736592659967, 1759497500978137406, 
-0.1194501519203186, -0.437799870967865, 0.24952364951748873, 1759497501009188227, 
-0.43880510330200195, 0.1023070216178894, 0.24641481831271678, 1759497501038138693, 
-0.0899268388748169, -0.3265289068222046, 0.25127072308553333, 1759497501069163230, 
0.21327835321426392, 0.09869760274887085, 0.2485222749999562, 1759497501099209950, 
0.050956904888153076, 0.18646878004074097, 0.22330219432649068, 1759497501130479747, 
-0.4099522829055786, 0.6761130094528198, 0.21668579705437976, 1759497501162664617, 
0.511214017868042, 0.11889821290969849, 0.2606943762784106, 1759497501189278909, 
-0.300246000289917, 0.311806857585907, 0.25170417659074945, 1759497501219283619, 
0.24668580293655396, 0.3139025568962097, 0.25981973798327906, 1759497501249285031, 
0.04361909627914429, -0.15138846635818481, 0.24826526882970457, 1759497501279425422, 
0.018610715866088867, 0.04546952247619629, 0.25678309377284336, 1759497501309373527, 
-0.11183595657348633, 0.4149329662322998, 0.26125139831255845, 1759497501339370452, 
0.3295345902442932, 0.13391679525375366, 0.23030381986835283, 1759497501370959490, 
-0.3279716968536377, -0.7477729916572571, 0.20138644378374762, 1759497501402802225, 
-0.5079277753829956, -0.24021142721176147, 0.2588077138592241, 1759497501429466617, 
-1.8443536758422852, -0.5792415738105774, 0.2556886350276865, 1759497501459506691, 
-1.061577320098877, 0.12098389863967896, 0.25488825796391457, 1759497501489550212, 
-0.5035088658332825, 0.1517181396484375, 0.21005678614186543, 1759497501519508007, 
0.5712959170341492, 0.09079855680465698, 0.20456139794313402, 1759497501549470017, 
2.3066704273223877, 0.09577876329421997, 0.22079448967998178, 1759497501579566436, 
0.7463152408599854, 0.3412174582481384, 0.2100417397767996, 1759497501610431119, 
0.8719956278800964, 0.23283922672271729, 0.15231986670011186, 1759497501642348205, 
0.6404518485069275, 0.2562990188598633, 0.1747796886264769, 1759497501669586287, 
0.28512561321258545, 0.12966006994247437, 0.1612614372811428, 1759497501699687781, 
-0.5632068514823914, 0.2122730016708374, 0.15864997755671204, 1759497501729594006, 
-0.6507160067558289, -0.12037092447280884, 0.2087765128460219, 1759497501759660028, 
0.43289488554000854, 0.34841328859329224, 0.23901935350699408, 1759497501789918859, 
-0.1529974341392517, 0.4167338013648987, 0.2419927585327746, 1759497501819909850, 
0.3959353566169739, -0.07413947582244873, 0.265717259150705, 1759497501850532751, 
0.009543359279632568, -0.4673073887825012, 0.2161104753839086, 1759497501882147896, 
-0.12029987573623657, -0.6795206665992737, 0.24458129376937918, 1759497501910278860, 
0.059397876262664795, -0.13447797298431396, 0.2224525907984149, 1759497501939774323, 
0.23848873376846313, 0.4209468364715576, 0.23608531594506343, 1759497501969981543, 
0.331633985042572, 0.20690351724624634, 0.25564229599788824, 1759497501999711638, 
-0.3475611209869385, 0.7294602394104004, 0.20807047013810914, 1759497502029727548, 
0.4293147325515747, 0.6800705790519714, 0.234207141230647, 1759497502059800220, 
-0.11632120609283447, 0.31956833600997925, 0.25874887657716034, 1759497502090436237, 
