x, y, th, stamp, 
-2.9690730571746826, -0.12965300679206848, 0.15543901479933575, 1759497050275015477, 
-2.9690730571746826, -0.12965300679206848, 0.15543901479933575, 1759497050338346973, 
-2.9690730571746826, -0.12965300679206848, 0.15543901479933575, 1759497050378666861, 
-2.9690730571746826, -0.12965300679206848, 0.15543901479933575, 1759497050435123853, 
-2.969073534011841, -0.12965261936187744, 0.15543449203686957, 1759497050484795596, 
-2.9678637981414795, -0.1294649988412857, 0.15850097904695323, 1759497050534594859, 
-2.9640884399414062, -0.12870845198631287, 0.1672491957128427, 1759497050582940202, 
-2.958097219467163, -0.12724564969539642, 0.18096233063614564, 1759497050632822722, 
-2.9518229961395264, -0.12593384087085724, 0.1931161801049637, 1759497050674902962, 
-2.9428396224975586, -0.12343666702508926, 0.212188030025951, 1759497050724549254, 
-2.9322280883789062, -0.12068785727024078, 0.23567517178918307, 1759497050775781786, 
-2.917710065841675, -0.11623168736696243, 0.26818464352763005, 1759497050834816974, 
-2.9032111167907715, -0.11212913691997528, 0.2997299564451081, 1759497050884103275, 
-2.887042999267578, -0.10705289989709854, 0.33424611940848775, 1759497050935804173, 
-2.8707895278930664, -0.10108985751867294, 0.36782585895382486, 1759497050982746767, 
-2.8534185886383057, -0.0941970944404602, 0.4039967709866987, 1759497051032809341, 
-2.8392136096954346, -0.08801128715276718, 0.4353407551441442, 1759497051074169312, 
-2.822880744934082, -0.08014275878667831, 0.4728514850008406, 1759497051124218711, 
-2.8009510040283203, -0.06861764192581177, 0.5232605042211422, 1759497051192668847, 
-2.787824869155884, -0.0608348548412323, 0.5538247522996859, 1759497051234453531, 
-2.7724435329437256, -0.05119052901864052, 0.5904422765608042, 1759497051284361116, 
-2.756967782974243, -0.04061013460159302, 0.6282401373147548, 1759497051335812259, 
-2.7428131103515625, -0.029864201322197914, 0.6630594121291111, 1759497051383332068, 
-2.7296698093414307, -0.019790025427937508, 0.6981537499730374, 1759497051430076555, 
-2.7161478996276855, -0.008091450668871403, 0.7333156728570012, 1759497051478841871, 
-2.703012704849243, 0.003978560212999582, 0.7703621107930793, 1759497051528337591, 
-2.6900181770324707, 0.01683167554438114, 0.8083349310379662, 1759497051578934496, 
-2.675098419189453, 0.03298766911029816, 0.8525220165518744, 1759497051639032869, 
-2.663038730621338, 0.04695543646812439, 0.889634155646553, 1759497051688988016, 
-2.651669979095459, 0.06120048835873604, 0.9265159337550039, 1759497051738830977, 
-2.6430020332336426, 0.07286082208156586, 0.9564443698850895, 1759497051779098203, 
-2.631686210632324, 0.08924393355846405, 0.9984641990477867, 1759497051833103215, 
-2.623568296432495, 0.1018315777182579, 1.0306614120913795, 1759497051874495859, 
-2.6134912967681885, 0.11898119002580643, 1.0727699454656408, 1759497051928712784, 
-2.6049857139587402, 0.13517068326473236, 1.1087885568290268, 1759497051979937536, 
-2.5956647396087646, 0.1543503701686859, 1.1511282162204985, 1759497052038186844, 
-2.5883846282958984, 0.17114898562431335, 1.1875957747928467, 1759497052088710272, 
-2.581554889678955, 0.18841180205345154, 1.224629639367748, 1759497052139817183, 
-2.5768043994903564, 0.2021983116865158, 1.253003085016526, 1759497052178172984, 
-2.5711047649383545, 0.2196929007768631, 1.292009647899274, 1759497052228835269, 
-2.5663065910339355, 0.2371021956205368, 1.3290049380536537, 1759497052278288059, 
-2.5620133876800537, 0.254945307970047, 1.3680302778841074, 1759497052328277677, 
-2.558546781539917, 0.2727928161621094, 1.4049685547933481, 1759497052379033415, 
-2.5551538467407227, 0.2945086658000946, 1.4502504446288733, 1759497052439047924, 
-2.5531702041625977, 0.31265416741371155, 1.4866593385032998, 1759497052488442556, 
-2.5518007278442383, 0.33065247535705566, 1.5234425783123888, 1759497052538849775, 
-2.551058769226074, 0.3450915813446045, 1.5542368011075236, 1759497052578292814, 
-2.550859212875366, 0.36356261372566223, 1.5921352270356128, 1759497052628922977, 
-2.5514867305755615, 0.38205844163894653, 1.6295516366961627, 1759497052678569251, 
-2.5526719093322754, 0.4004252254962921, 1.6682891978099719, 1759497052728370304, 
-2.555098295211792, 0.4221261143684387, 1.7134400472262643, 1759497052788547882, 
-2.55781888961792, 0.4398970603942871, 1.7491282738866714, 1759497052838288225, 
-2.561316728591919, 0.45809635519981384, 1.7860526326176027, 1759497052888144143, 
-2.565493106842041, 0.47596830129623413, 1.8234323507943804, 1759497052939015091, 
-2.569169759750366, 0.4903189539909363, 1.85356241759608, 1759497052978306400, 
-2.5744035243988037, 0.5078443288803101, 1.8907548371178784, 1759497053028112502, 
-2.5804431438446045, 0.524890661239624, 1.9267163154224038, 1759497053078269459, 
-2.586632013320923, 0.5417342185974121, 1.9653040243624849, 1759497053128376806, 
-2.5938146114349365, 0.5586907267570496, 2.0040533172384145, 1759497053179634680, 
-2.603358268737793, 0.5785822868347168, 2.049033426733685, 1759497053238164943, 
-2.6118295192718506, 0.5946750044822693, 2.087084776538912, 1759497053288693534, 
-2.6209776401519775, 0.610407829284668, 2.1249123187102805, 1759497053339190562, 
-2.628803253173828, 0.6227852702140808, 2.154349728058922, 1759497053378663953, 
-2.638859748840332, 0.6377707123756409, 2.191579056297195, 1759497053428610021, 
-2.64967679977417, 0.6524369120597839, 2.228890165992274, 1759497053478602428, 
-2.6609678268432617, 0.6668403148651123, 2.265601875733752, 1759497053528261479, 
-2.6752028465270996, 0.6834155321121216, 2.309039083508908, 1759497053588961931, 
-2.6874101161956787, 0.6966875195503235, 2.345476952849414, 1759497053638912749, 
-2.7003889083862305, 0.7096847891807556, 2.3818677354122086, 1759497053688925682, 
-2.7138051986694336, 0.7222155928611755, 2.4194663528158182, 1759497053740705309, 
-2.724729299545288, 0.7317578792572021, 2.448977458561617, 1759497053779003637, 
-2.7390024662017822, 0.7431321740150452, 2.48482493438677, 1759497053828952256, 
-2.7534871101379395, 0.7539218664169312, 2.520691852768171, 1759497053878106862, 
-2.7712457180023193, 0.7663292288780212, 2.5654246665611256, 1759497053938189895, 
-2.7865383625030518, 0.7760350108146667, 2.603746845504583, 1759497053988555993, 
-2.802363157272339, 0.7853413224220276, 2.642183635333417, 1759497054039064075, 
-2.818390369415283, 0.7939131259918213, 2.6791556011111437, 1759497054089075904, 
-2.833289623260498, 0.8012058138847351, 2.712832674935357, 1759497054135073346, 
-2.8478503227233887, 0.8078469634056091, 2.745394760670447, 1759497054178913724, 
-2.8650453090667725, 0.8148719668388367, 2.7822115020336633, 1759497054228121848, 
-2.882249355316162, 0.8211872577667236, 2.8209496911821472, 1759497054278150139, 
-2.8995628356933594, 0.8268202543258667, 2.8581726865168084, 1759497054328391376, 
-2.920400857925415, 0.8326250910758972, 2.9022595643855484, 1759497054388623079, 
-2.938401937484741, 0.8367786407470703, 2.938941964384605, 1759497054438866635, 
-2.9560654163360596, 0.8402836918830872, 2.9752325854138078, 1759497054488301425, 
-2.972940683364868, 0.8429240584373474, 3.008830553382658, 1759497054534371710, 
-2.988852024078369, 0.8450921177864075, 3.042012201879051, 1759497054578442811, 
-3.0071001052856445, 0.8467545509338379, 3.0791199198886336, 1759497054628396712, 
-3.025357961654663, 0.8477789759635925, 3.115528108638065, 1759497054678949639, 
-3.043682813644409, 0.8481490015983582, -3.1297049539339037, 1759497054728895367, 
-3.0605547428131104, 0.8477434515953064, -3.094915860383191, 1759497054774292108, 
-3.0841715335845947, 0.846327543258667, -3.046608930686078, 1759497054838894097, 
-3.1022322177886963, 0.8444594144821167, -3.0104021867699733, 1759497054888944590, 
-3.1187386512756348, 0.8421229124069214, -2.9766752896677833, 1759497054934966019, 
-3.134174108505249, 0.8395885825157166, -2.9433958570967897, 1759497054978988470, 
-3.1520795822143555, 0.8357974886894226, -2.9057188234791265, 1759497055029001286, 
-3.1699724197387695, 0.8313369154930115, -2.8688602083694232, 1759497055079051900, 
-3.1873297691345215, 0.8264177441596985, -2.8323305162947863, 1759497055128511729, 
-3.2081966400146484, 0.8196735978126526, -2.7869932456485387, 1759497055188216051, 
-3.225125789642334, 0.8132855296134949, -2.7502810156087896, 1759497055239097499, 
-3.2419400215148926, 0.8060898780822754, -2.7139136909053017, 1759497055288837457, 
-3.2571327686309814, 0.7990729808807373, -2.678866009009945, 1759497055334854844, 
-3.2714850902557373, 0.7920462489128113, -2.645796992882021, 1759497055378838216, 
-3.287550926208496, 0.783050537109375, -2.609246270643468, 1759497055428867335, 
-3.3029837608337402, 0.7737262845039368, -2.5731184185980207, 1759497055479034809, 
-3.318279981613159, 0.7638810276985168, -2.535290825724362, 1759497055529443470, 
-3.332084894180298, 0.754120945930481, -2.5008773763172316, 1759497055574414209, 
-3.3505032062530518, 0.7399893999099731, -2.4535159411822174, 1759497055638837721, 
-3.3644356727600098, 0.7284193634986877, -2.4144554088353622, 1759497055689848206, 
-3.376877546310425, 0.7171585559844971, -2.3805843040320274, 1759497055735835968, 
-3.3882298469543457, 0.7060081362724304, -2.348813999909249, 1759497055778830203, 
-3.400925397872925, 0.6927361488342285, -2.3120989238168206, 1759497055828880863, 
-3.4130399227142334, 0.6793324947357178, -2.2747673257606733, 1759497055878964166, 
-3.4249138832092285, 0.6652805805206299, -2.2373262452860887, 1759497055929469369, 
-3.438082456588745, 0.648038923740387, -2.1938700621352325, 1759497055988687224, 
-3.44860577583313, 0.6331811547279358, -2.15720509405187, 1759497056038929573, 
-3.4585437774658203, 0.6176570057868958, -2.1195687783549158, 1759497056089843073, 
-3.467421770095825, 0.6031231880187988, -2.0837473379530094, 1759497056135861517, 
-3.4752442836761475, 0.5890615582466125, -2.051044482073281, 1759497056178845515, 
-3.483306884765625, 0.572904646396637, -2.014389004246917, 1759497056228867266, 
-3.4910261631011963, 0.556506335735321, -1.9774478577740415, 1759497056278943474, 
-3.4979565143585205, 0.5396164059638977, -1.9400817767722234, 1759497056329190809, 
-3.5054476261138916, 0.5188116431236267, -1.8965186108488359, 1759497056389041582, 
-3.5111608505249023, 0.5014845728874207, -1.8583789701844515, 1759497056438855735, 
-3.5163443088531494, 0.4838021695613861, -1.8196724176088286, 1759497056490039912, 
-3.520331621170044, 0.4673098623752594, -1.7855636763439307, 1759497056535824420, 
-3.5234241485595703, 0.4520987868309021, -1.7547842656950925, 1759497056578846345, 
-3.526642322540283, 0.4342915117740631, -1.716590521700758, 1759497056628840319, 
-3.5292279720306396, 0.4162331223487854, -1.6788165748987194, 1759497056678984882, 
-3.531003713607788, 0.3980993330478668, -1.641308982949134, 1759497056729790506, 
-3.5320591926574707, 0.38099148869514465, -1.6074959099820625, 1759497056775314088, 
-3.532520294189453, 0.3581141233444214, -1.562774729148931, 1759497056838945548, 
-3.532219409942627, 0.3397037088871002, -1.5244237541791763, 1759497056890850133, 
-3.5313775539398193, 0.32313504815101624, -1.4906391577359737, 1759497056935871460, 
-3.5298049449920654, 0.3070894181728363, -1.4593724205697793, 1759497056978850867, 
-3.527595043182373, 0.2889922857284546, -1.421979265381107, 1759497057028866885, 
-3.524717092514038, 0.27096688747406006, -1.3846212103744047, 1759497057078785210, 
-3.5211448669433594, 0.2527669370174408, -1.3461967578535063, 1759497057130984913, 
-3.5172135829925537, 0.2362304925918579, -1.312331650487297, 1759497057175827884, 
-3.5110280513763428, 0.21394987404346466, -1.2645547542104822, 1759497057238851914, 
-3.505341053009033, 0.1963672637939453, -1.2246047945764653, 1759497057290959231, 
-3.4995458126068115, 0.18068577349185944, -1.1914927869531424, 1759497057335878042, 
-3.4934380054473877, 0.16629762947559357, -1.1618295023419827, 1759497057378864655, 
-3.486234188079834, 0.14986693859100342, -1.1246316287571527, 1759497057428860726, 
-3.477944850921631, 0.13315731287002563, -1.0868716963084295, 1759497057478465018, 
-3.469662666320801, 0.11780758202075958, -1.0522699113994194, 1759497057526590144, 
-3.458315134048462, 0.09854656457901001, -1.0075144358411607, 1759497057588351508, 
-3.4482362270355225, 0.08304528892040253, -0.9721289368185194, 1759497057639046908, 
-3.4383347034454346, 0.06875094771385193, -0.9359940610328302, 1759497057686874921, 
-3.4272186756134033, 0.05393518507480621, -0.8972512110031494, 1759497057736871278, 
-3.417459487915039, 0.04195879027247429, -0.8651548423248805, 1759497057778856392, 
-3.405822992324829, 0.02827979438006878, -0.8269566717013723, 1759497057828431254, 
-3.3932535648345947, 0.015151268802583218, -0.7906323549563405, 1759497057878989161, 
-3.380955696105957, 0.0028694099746644497, -0.7545737102876451, 1759497057926852255, 
-3.367542028427124, -0.009622983634471893, -0.7165950123582013, 1759497057976104219, 
-3.3510804176330566, -0.023651186376810074, -0.6721986768202648, 1759497058038855171, 
-3.3402421474456787, -0.03239479288458824, -0.6430485227107663, 1759497058087055212, 
-3.3293957710266113, -0.04042007401585579, -0.6150094296656992, 1759497058135855410, 
-3.317769765853882, -0.048511210829019547, -0.5875077543247532, 1759497058178862375, 
-3.3026235103607178, -0.0583164282143116, -0.5527779282093505, 1759497058229878379, 
-3.286475419998169, -0.06802508234977722, -0.5195027889815449, 1759497058279053533, 
-3.271160840988159, -0.07660815864801407, -0.4849687313166147, 1759497058326181074, 
-3.2551283836364746, -0.08484189957380295, -0.4473359347418346, 1759497058376304355, 
-3.234971523284912, -0.09428145736455917, -0.4013134326778551, 1759497058439008935, 
-3.2190804481506348, -0.10088604688644409, -0.3655584223593575, 1759497058486864124, 
-3.201798915863037, -0.10736127942800522, -0.3284062577968764, 1759497058536863736, 
-3.187025547027588, -0.11226747184991837, -0.2961043545436573, 1759497058579865313, 
-3.169645071029663, -0.11724638193845749, -0.25897884132216, 1759497058628885314, 
-3.151888132095337, -0.1218438670039177, -0.22142399374638483, 1759497058678954857, 
-3.1348352432250977, -0.1253921240568161, -0.1863873706907493, 1759497058726704930, 
-3.1170499324798584, -0.1286611407995224, -0.14888403288911403, 1759497058777003103, 
-3.09452748298645, -0.1317306011915207, -0.10200086547506351, 1759497058839878561, 
-3.0770843029022217, -0.1333385854959488, -0.06563140507324106, 1759497058887006977, 
-3.0588901042938232, -0.13451585173606873, -0.028472973120415662, 1759497058936845345, 
-3.043591022491455, -0.13481344282627106, 0.0021165819804152856, 1759497058978871089, 
-3.0254621505737305, -0.1346786469221115, 0.03969873057113529, 1759497059028873049, 
-3.007380247116089, -0.13390304148197174, 0.0774799853688175, 1759497059079867971, 
-2.9895031452178955, -0.13227608799934387, 0.11370385685190285, 1759497059127610693, 
-2.9675140380859375, -0.12951231002807617, 0.1589862566295586, 1759497059188340267, 
-2.949535846710205, -0.12644250690937042, 0.19590795011951578, 1759497059239886892, 
-2.932090997695923, -0.12278253585100174, 0.23187122331177573, 1759497059287896497, 
-2.9143805503845215, -0.11840939521789551, 0.26875579069689126, 1759497059337909249, 
-2.8997316360473633, -0.1143120676279068, 0.30008954841881963, 1759497059379867194, 
-2.8823750019073486, -0.1089109554886818, 0.33775111674832964, 1759497059428892844, 
-2.8650927543640137, -0.10265497118234634, 0.3755199211159483, 1759497059479968046, 
-2.8487868309020996, -0.09606336057186127, 0.4114772209354923, 1759497059527722133, 
-2.8324170112609863, -0.08893516659736633, 0.44891610560045353, 1759497059577855615, 
-2.8120651245117188, -0.07882141321897507, 0.49697711234190833, 1759497059639934532, 
-2.7963666915893555, -0.07013214379549026, 0.5338753601622378, 1759497059688058158, 
-2.7805869579315186, -0.06066269427537918, 0.5720487255481331, 1759497059737904349, 
-2.767979383468628, -0.052310504019260406, 0.6020289993986346, 1759497059779873529, 
-2.753307580947876, -0.041948407888412476, 0.6373411689127343, 1759497059828868180, 
-2.7385756969451904, -0.030935147777199745, 0.6748806032604194, 1759497059879137658, 
-2.7246224880218506, -0.019505934789776802, 0.7115188175708951, 1759497059927766854, 
-2.7078299522399902, -0.004787202924489975, 0.7573508872312543, 1759497059989241551, 
-2.6946732997894287, 0.007885470055043697, 0.7947189545312092, 1759497060040243947, 
-2.6826095581054688, 0.02033483237028122, 0.8297859827444515, 1759497060087875663, 
-2.670463800430298, 0.03379717096686363, 0.8676357072574936, 1759497060136897633, 
-2.660428047180176, 0.04594375938177109, 0.9006756177619339, 1759497060180874325, 
-2.6490981578826904, 0.060409195721149445, 0.9390711157006116, 1759497060230866973, 
-2.6383039951324463, 0.075489342212677, 0.9762139649176593, 1759497060281883436, 
-2.6289560794830322, 0.08979523926973343, 1.009010185336734, 1759497060327828612, 
-2.6196253299713135, 0.10464780777692795, 1.045999751307557, 1759497060377776722, 
-2.6081948280334473, 0.12496869266033173, 1.0966741059215463, 1759497060441907981, 
-2.600491523742676, 0.1405341476202011, 1.1320331910712178, 1759497060488080954, 
-2.5929324626922607, 0.15665018558502197, 1.1695471847874872, 1759497060537882748, 
-2.586977243423462, 0.1711013913154602, 1.2012157974483497, 1759497060580880133, 
-2.580383062362671, 0.18824893236160278, 1.2375893595341683, 1759497060630904269, 
-2.574516534805298, 0.20579347014427185, 1.2751354279941483, 1759497060681891891, 
-2.5697691440582275, 0.22246234118938446, 1.309395509790887, 1759497060727671286, 
-2.5650599002838135, 0.23989063501358032, 1.3468486441301235, 1759497060777576327, 
-2.560530662536621, 0.26232701539993286, 1.3921093297062654, 1759497060841329455, 
-2.557558536529541, 0.2795412838459015, 1.4276067657964493, 1759497060888881396, 
-2.5551393032073975, 0.29758378863334656, 1.4647200551815733, 1759497060938905341, 
-2.5536141395568848, 0.31276562809944153, 1.4962744084834392, 1759497060980883721, 
-2.5523769855499268, 0.33094730973243713, 1.5337211040162892, 1759497061030875920, 
-2.5518696308135986, 0.3487931787967682, 1.5711727579240005, 1759497061080945493, 
-2.552156925201416, 0.36694544553756714, 1.6060976699852698, 1759497061128680543, 
-2.5532429218292236, 0.389016330242157, 1.6516706257446787, 1759497061189371645, 
