e, e_dot, e_int, stamp, 
1.4142130593117215, -1.4693115095576317e-07, 0.22629807547184752, 1761315846336225521, 
1.4141416680678296, -0.0004658840792029072, 0.2277774723216811, 1761315846387321040, 
1.4123216669440344, -0.015694534872074492, 0.12853822337512344, 1761315846427157871, 
1.408568564552738, -0.03964880147597566, 0.12855682421959383, 1761315846478387762, 
1.4036105002970052, -0.05828655454797036, 0.1408587994749202, 1761315846527187774, 
1.3973528092948442, -0.07547900241332502, 0.13881178735148247, 1761315846577314525, 
1.389660026014797, -0.09250055796875352, 0.1404095392084266, 1761315846627704710, 
1.3784352640644633, -0.11328734376230265, 0.15322219417350014, 1761315846687666778, 
1.3668585132479585, -0.14032380679988699, 0.15090272975267746, 1761315846737187962, 
1.3543550577842056, -0.16133275564901467, 0.13595818758697378, 1761315846787156900, 
1.344149178345092, -0.1680381700730739, 0.12218716328218987, 1761315846827354944, 
1.3189592459612052, -0.16959827517022638, 0.18616786102193664, 1761315846926175857, 
1.2941627857590885, -0.16676445844562274, 0.26364754602549917, 1761315847027225662, 
1.2656682035667544, -0.1689402007930263, 0.2715722092723345, 1761315847136219860, 
1.2422207575307311, -0.1730841610858724, 0.2533929183310862, 1761315847227164749, 
1.215738467433734, -0.17506372298786457, 0.2358197429242924, 1761315847326211808, 
1.1890726494280905, -0.176744995803381, 0.24373160455437987, 1761315847427655131, 
1.1594218901069737, -0.17764899448456664, 0.25095442633019016, 1761315847537439098, 
1.1350753122107942, -0.18009689260382902, 0.23210689177096983, 1761315847627542231, 
1.1076717674229999, -0.18171960831393308, 0.21521006238619975, 1761315847727209269, 
1.0798755176208459, -0.1844846842355854, 0.220924410510789, 1761315847827015151, 
1.0495527132942928, -0.1841483758315059, 0.227132718352728, 1761315847937705749, 
1.0242995933373835, -0.1843077670305151, 0.21152014777652037, 1761315848028224792, 
0.9974105177815619, -0.1873777815203812, 0.1898884234473303, 1761315848123188172, 
0.9681431758344667, -0.18786897460425234, 0.19864592015519256, 1761315848227544860, 
0.9367918305230699, -0.18857378010853254, 0.20728421514832257, 1761315848337446826, 
0.9108841379065421, -0.19127593776383053, 0.18742489724024242, 1761315848427229095, 
0.8820248892877405, -0.19146347968949753, 0.17356263241936215, 1761315848528195895, 
0.8525890935164953, -0.19293124492399172, 0.17763848894066195, 1761315848628671486, 
0.8203726101959212, -0.19648479227282548, 0.1781126155810934, 1761315848737331179, 
0.793877674534264, -0.19711508201402153, 0.16323655461972278, 1761315848827188531, 
0.7643046085428132, -0.1968399253486508, 0.15054651627689744, 1761315848927210988, 
0.734988257880869, -0.19488333355017531, 0.15400025486856403, 1761315849028656654, 
0.702503061579686, -0.19604593753114372, 0.15415255999012195, 1761315849137247565, 
0.6757706481694936, -0.1987222782345562, 0.13989411302642388, 1761315849227251218, 
0.6461784104858971, -0.19767331580561834, 0.12819888736524804, 1761315849327223242, 
0.6182342242741183, -0.19521039023932726, 0.12705336986681012, 1761315849423706941, 
0.5865014236219992, -0.1892229976343048, 0.12994206845053266, 1761315849537836049, 
0.5631770414351489, -0.17965545935367233, 0.11993567005552962, 1761315849627227744, 
0.538002435597667, -0.17088728154695199, 0.10654594322967159, 1761315849727230756, 
0.5126277450721584, -0.1606468062181068, 0.11309075364124956, 1761315849837458716, 
0.49534860461505203, -0.1488687593673216, 0.09795038875577781, 1761315849917305270, 
0.47241941374111973, -0.1416425991393225, 0.09366282350650873, 1761315850027265035, 
0.45262317116317824, -0.13550012258956923, 0.09940487053946434, 1761315850127257721, 
0.434663571142599, -0.12771101050870234, 0.08928272389134025, 1761315850224254782, 
0.41796855125812676, -0.12142235833331212, 0.08275647224478072, 1761315850317465275, 
0.3991975546877804, -0.11668085033342819, 0.08471812754023506, 1761315850427281110, 
0.3824948378825922, -0.11266966385354821, 0.08389060067931806, 1761315850527251051, 
0.3666352396188348, -0.109377004580129, 0.07595956243412011, 1761315850625725074, 
0.34949306675862996, -0.10583869295924102, 0.07618400655798963, 1761315850735286009, 
0.33551229728379184, -0.10225957521304052, 0.07101026430491847, 1761315850828295032, 
0.32064629938255657, -0.09918353196471669, 0.06502453549316868, 1761315850929263321, 
0.30595644645818426, -0.09904085373614964, 0.06381185209404044, 1761315851027268697, 
0.29398929715373856, -0.0937062337706716, 0.0580578211913348, 1761315851118460550, 
0.28100812735509495, -0.08350856601731332, 0.05873241581414915, 1761315851227276045, 
0.26849868859170956, -0.08146241036273305, 0.058712223155080644, 1761315851327277955, 
0.25700947153132087, -0.07994103113567165, 0.05380600932979945, 1761315851427418349, 
0.24531857826357228, -0.07370601098019719, 0.053965760070960586, 1761315851537308656, 
0.23554412682015738, -0.071675932729791, 0.04915719517797609, 1761315851627278962, 
0.225315075204224, -0.07029010935572208, 0.044731659943402925, 1761315851727338679, 
0.21656704747627575, -0.06322704217073992, 0.04518262417916259, 1761315851827371404, 
0.20784638695357296, -0.06098639989344303, 0.04143997282391944, 1761315851918680011, 
0.1981023620226178, -0.061735839685485384, 0.041488120123654534, 1761315852027309078, 
0.18980261792641806, -0.05754725752765105, 0.041443673798607604, 1761315852127376169, 
0.18149259554342598, -0.05541904367104108, 0.03792356774060525, 1761315852227117978, 
0.17320805582173876, -0.052768471453054966, 0.03815460623783943, 1761315852337593123, 
0.16631959872062133, -0.05068361549455619, 0.034711251321671875, 1761315852426983058, 
0.15892483762704998, -0.05022569884835043, 0.031542065064637075, 1761315852527433071, 
0.1517078421073023, -0.04849385385368513, 0.031935775589294994, 1761315852627857089, 
0.14579651686957615, -0.04585771375410832, 0.028966168165946854, 1761315852717820770, 
0.13883647250915093, -0.04287540800759757, 0.029174330071825124, 1761315852828441091, 
0.13293716572011485, -0.04086021308958244, 0.029160118598765866, 1761315852927319353, 
0.12706093465228147, -0.03953636856807399, 0.02639823753237163, 1761315853027006406, 
0.12122014219848816, -0.03732943375509324, 0.02666042434614674, 1761315853137123775, 
0.11660201716794381, -0.03474069742615911, 0.024368031332195325, 1761315853227355765, 
0.11167998517867331, -0.03347088313593652, 0.022159381017958522, 1761315853327331887, 
0.10698971110882208, -0.03188473473805025, 0.022464482186742688, 1761315853428367195, 
0.1020864292144032, -0.030464889616990384, 0.022459735123197346, 1761315853537395546, 
0.09048697411704543, -0.02829990426899481, 0.03989618154742673, 1761315853827910860, 
0.08822570318269012, -0.025925051277869093, 0.03278436815091318, 1761315853887657004, 
0.0862609117793788, -0.025687821264102118, 0.00970232460757072, 1761315853937759445, 
0.08236696521804174, -0.02755559452434311, 0.01196242303941694, 1761315854027375785, 
0.07929900272625237, -0.024713742628141824, 0.01566755503710817, 1761315854127342217, 
0.07577223642467942, -0.022484579613959874, 0.015504462111044521, 1761315854223272593, 
0.0711940569639324, -0.02561054437439157, 0.01585298609005597, 1761315854337533347, 
0.0681168312521904, -0.024771684131195803, 0.014633827354975898, 1761315854427386617, 
0.06517759876495377, -0.02120971036006744, 0.012943354462238797, 1761315854527422098, 
0.0616436909954496, -0.022118933988886504, 0.012710701901262927, 1761315854622997950, 
0.057168704401574566, -0.025284911266841587, 0.012920620186887347, 1761315854738095840, 
0.05433673207217115, -0.023530431842796545, 0.011797357714960242, 1761315854827400211, 
0.0510490727990024, -0.021513753213859274, 0.010265150100353674, 1761315854927542755, 
0.04745499889634889, -0.023297460124173847, 0.010042438076105609, 1761315855024515860, 
0.04416693051774796, -0.024187494640648417, 0.009016570125548195, 1761315855117137767, 
0.0401975756395037, -0.0238353043810082, 0.008913782086231945, 1761315855227379209, 
0.03646210257502444, -0.024380471521323277, 0.00849137443504873, 1761315855327969831, 
0.03279213718747152, -0.024933089377493906, 0.0072249352399827394, 1761315855425409782, 
0.02891272451332876, -0.02418676076007323, 0.00682618145040428, 1761315855536579158, 
0.025924024300328957, -0.02259856230641889, 0.005900734588769863, 1761315855627423120, 
0.022587676249036244, -0.021869413061265053, 0.004976970644999997, 1761315855729424141, 
0.021714017432470076, -0.013905878976788966, 0.004657856561683802, 1761315855826403922, 
0.02042678013028507, -0.007653882676794849, 0.004082967699443385, 1761315855918659301, 
0.01866004202414289, -0.010065206410300308, 0.004074203115340359, 1761315856027430905, 
0.017315429852345965, -0.009897465228813771, 0.003924555027678402, 1761315856127403893, 
0.01665385918129559, -0.006688261255503067, 0.003508327925187681, 1761315856227414138, 
0.015742708404742237, -0.005525388292727994, 0.003172964594926547, 1761315856318884708, 
0.01491871612992636, -0.005847598154205941, 0.0031567636553937687, 1761315856427567032, 
0.01202930926056534, -0.012173597485218355, 0.0029673845232750765, 1761315856527411308, 
