x,y,theta,stamp_ns
0.0,0.0,-9.220339382129627e-14,1761334158563145074
0.0,0.0,-9.220339382129627e-14,1761334158613370639
0.0,0.0,-9.220339382129627e-14,1761334158662870678
0.0,0.0,-9.220339382129627e-14,1761334158712873478
0.0,0.0,-9.220339382129627e-14,1761334158752918206
0.0001061190414475277,-0.0001022357537294738,0.0011122133360380172,1761334158804051189
0.002027760725468397,-0.00018731859745457768,0.01221956928998467,1761334158853664549
0.0065353913232684135,0.0002857713552657515,0.024871156718367236,1761334158903419466
0.014082623645663261,0.0010647252202033997,0.042879232854294694,1761334158962399571
0.022193964570760727,0.0019880840554833412,0.060518503335547875,1761334159012342088
0.03282717987895012,0.002870640018954873,0.08423453262408159,1761334159062930201
0.044761355966329575,0.004142409190535545,0.11062897046900977,1761334159111872287
0.05589501932263374,0.005469258408993483,0.13621462899611977,1761334159152874628
0.08505814522504807,0.010391494259238243,0.20105984961382992,1761334159253329107
0.11506017297506332,0.017428064718842506,0.2698930896662071,1761334159363337953
0.1408006101846695,0.025372769683599472,0.32779473226804223,1761334159462877520
0.16460798680782318,0.034201838076114655,0.3844249913610107,1761334159552854657
0.18947520852088928,0.045293137431144714,0.4411515163720647,1761334159652889353
0.21345901489257812,0.05763329565525055,0.4963865196078462,1761334159753296855
0.23915310204029083,0.07270858436822891,0.5565667684133112,1761334159861884641
0.25923147797584534,0.08614658564329147,0.6024801118592008,1761334159953883347
0.27945202589035034,0.10121530294418335,0.6436701145070259,1761334160055415315
0.301265686750412,0.11891872435808182,0.6891207102387056,1761334160164419441
0.3198373317718506,0.13532331585884094,0.7259868206096926,1761334160260887092
0.3361869752407074,0.15089762210845947,0.7562372673868575,1761334160352891604
0.35614722967147827,0.17111290991306305,0.7900504390037983,1761334160470753804
0.3706977367401123,0.1867399513721466,0.8136863782901412,1761334160562954126
0.385647177696228,0.20324741303920746,0.8328603693965831,1761334160660894100
0.3991655707359314,0.21875938773155212,0.848217710063257,1761334160752893933
0.41360607743263245,0.23551422357559204,0.8623806436622766,1761334160851903898
0.42884567379951477,0.2538210153579712,0.8778849344575037,1761334160962890840
0.44224029779434204,0.27049189805984497,0.888816562905298,1761334161063899449
0.4535079300403595,0.2848578989505768,0.8981242621032353,1761334161153040201
0.46585068106651306,0.3006468415260315,0.9038507663492781,1761334161253282933
0.4790111482143402,0.3177299499511719,0.9100845221485419,1761334161363472313
0.49082866311073303,0.333139032125473,0.9146912005582489,1761334161463035197
0.5011934638023376,0.3466111123561859,0.9190505306395346,1761334161553171480
0.5124314427375793,0.3615366518497467,0.9215502221670858,1761334161655414522
0.5228356122970581,0.37544959783554077,0.9246879690410994,1761334161749388557
0.5348098278045654,0.39154064655303955,0.9262559072309253,1761334161863473461
0.5439968705177307,0.40389135479927063,0.9264745471017161,1761334161953132058
0.5539186000823975,0.4173324406147003,0.9265795624815992,1761334162053418749
0.564608633518219,0.43160176277160645,0.9265795624815992,1761334162163082066
0.5740670561790466,0.44455450773239136,0.9252897255900351,1761334162262916007
0.5827422142028809,0.4558911621570587,0.9252080139092599,1761334162352930180
0.5921301245689392,0.4685865640640259,0.92327119946126,1761334162453276670
0.6020100712776184,0.4817545413970947,0.9236014490962312,1761334162564337448
0.611051619052887,0.49394920468330383,0.9228301303788601,1761334162662964076
0.6191885471343994,0.5047237277030945,0.9220055734159275,1761334162752933142
0.6275949478149414,0.5157992243766785,0.9215295058390767,1761334162852925151
0.6354597210884094,0.5262313485145569,0.9207682501656224,1761334162953536828
0.6446195244789124,0.5383414030075073,0.9183612635322426,1761334163062923232
0.6514639854431152,0.5473358631134033,0.9201059514279937,1761334163153681480
0.6590194702148438,0.5573672652244568,0.9189329963353549,1761334163248926999
0.6665077805519104,0.5674529075622559,0.9186505178479425,1761334163349570572
0.6748932600021362,0.5786396861076355,0.9190134208426122,1761334163462911469
0.6814618706703186,0.5872182250022888,0.9190134208426122,1761334163552924052
0.6886305809020996,0.5966577529907227,0.9190134208426122,1761334163653019895
0.6952534317970276,0.6054986715316772,0.9190134208426122,1761334163752947204
0.7029486894607544,0.6154569387435913,0.9184510888740542,1761334163862935174
0.7089662551879883,0.6232870221138,0.9175426888058758,1761334163953949716
0.7153674960136414,0.6317474246025085,0.9167608435941447,1761334164053011847
0.7223023772239685,0.6408265233039856,0.9158604005707134,1761334164162809236
0.7285487651824951,0.6490311622619629,0.9158604005707134,1761334164262943668
0.734136700630188,0.6563654541969299,0.9148896558177925,1761334164352919377
0.7399710416793823,0.6640238761901855,0.9156265774466157,1761334164452943942
0.7464503049850464,0.6724511384963989,0.9170672050871641,1761334164563218224
0.7523348927497864,0.6798933148384094,0.9180345163343123,1761334164662947768
0.7572047710418701,0.6864426136016846,0.9174506866512652,1761334164752952684
0.7627359628677368,0.6936061382293701,0.9179424193049813,1761334164853048335
0.7679221034049988,0.7001350522041321,0.9184202521449549,1761334164953532771
0.7736167311668396,0.7075057625770569,0.918540715854549,1761334165062951759
0.7777718901634216,0.713394820690155,0.9173535654679407,1761334165152953006
0.7829909920692444,0.7202408909797668,0.9199799723463661,1761334165253049147
0.7880469560623169,0.7268035411834717,0.918228577975,1761334165363909934
0.7927027940750122,0.7329139113426208,0.9169281668122741,1761334165463251635
0.7971206307411194,0.7389762997627258,0.9160872706547836,1761334165552968742
0.8016292452812195,0.7447360157966614,0.9177498975340975,1761334165652955118
0.8063138723373413,0.7508159279823303,0.9170579329852858,1761334165764429414
0.8105249404907227,0.7565867900848389,0.9166350336575615,1761334165862964453
0.8143799304962158,0.7615660429000854,0.9161211449959511,1761334165953046121
0.8184386491775513,0.766997218132019,0.9155587584690725,1761334166053962315
0.8225302696228027,0.7722396850585938,0.9159724440948783,1761334166151888510
0.826784610748291,0.7776059508323669,0.9164923649726217,1761334166261967996
0.8304306864738464,0.7824543714523315,0.916773361925286,1761334166353968620
0.8343546986579895,0.7872471809387207,0.9163341820021089,1761334166454991420
0.8382267951965332,0.7925719618797302,0.9150790673801477,1761334166563445531
0.8418777585029602,0.7970961332321167,0.9140024168917398,1761334166660973773
0.8450452089309692,0.801484227180481,0.9136298027246436,1761334166753231533
0.8484834432601929,0.8058183789253235,0.9142740906359147,1761334166852974720
0.8520262241363525,0.8107349872589111,0.9148531681684425,1761334166963252783
0.8553436994552612,0.8147567510604858,0.9124321737890148,1761334167060982136
0.8580220341682434,0.8185111880302429,0.9121094067578156,1761334167152978877
0.8614206314086914,0.8227352499961853,0.9115288134403317,1761334167253027139
0.8648371696472168,0.8274001479148865,0.9138313097084774,1761334167362954664
0.8679420351982117,0.8309935927391052,0.9121107002491076,1761334167464983486
0.870295524597168,0.8344540596008301,0.9107654016018425,1761334167553128779
0.8734121918678284,0.8384276628494263,0.9128265308078969,1761334167653031926
0.8761457800865173,0.8416638374328613,0.911139976272915,1761334167750627151
0.8791868090629578,0.8458952903747559,0.9117664441150707,1761334167864446011
0.8818981051445007,0.8490355014801025,0.9102915482827798,1761334167953276319
0.8843300938606262,0.8525817394256592,0.910444316798894,1761334168052993487
0.8867765069007874,0.8556544780731201,0.9108023192028923,1761334168149505525
0.8897050023078918,0.8592517971992493,0.9089479024333906,1761334168263346465
0.8918495774269104,0.8621043562889099,0.9101051036900382,1761334168353222762
0.8942700028419495,0.8652195334434509,0.9088139740267969,1761334168452883024
0.8967026472091675,0.8683012127876282,0.9088141224135452,1761334168554525301
0.8992859721183777,0.8718599081039429,0.910742027227111,1761334168663034811
0.901201069355011,0.8741292357444763,0.9090868596695599,1761334168753117977
0.9034867882728577,0.8768934011459351,0.9090868596695599,1761334168853127041
0.9056179523468018,0.8800123333930969,0.9090868596695599,1761334168962812521
0.9078486561775208,0.8826151490211487,0.9100711256421252,1761334169063092837
0.9099379181861877,0.88511061668396,0.9091355371067616,1761334169152997061
0.911810576915741,0.8877456188201904,0.9075588386274562,1761334169249053023
0.9135833382606506,0.8901607394218445,0.9073801503091923,1761334169349438641
0.9154667258262634,0.8924812078475952,0.9081234030374097,1761334169458990763
0.9174531698226929,0.8949853777885437,0.9080804854524421,1761334169559992272
0.9189468622207642,0.8970576524734497,0.909312127648766,1761334169649029009
0.9207242131233215,0.8994722366333008,0.9095120217364798,1761334169749073983
0.9228758811950684,0.9019991755485535,0.9100268089771198,1761334169862997873
0.9246652126312256,0.9042512774467468,0.9100268089771198,1761334169954017438
0.9264153242111206,0.9067341685295105,0.909053463788814,1761334170053018957
0.9285404086112976,0.9093604683876038,0.9090543318840967,1761334170163582684
0.9303838610649109,0.9115488529205322,0.9090550515840093,1761334170262774123
0.932101309299469,0.9137850999832153,0.9081622345218309,1761334170354000219
0.9341068267822266,0.9162919521331787,0.9081622345218309,1761334170453023136
0.9358571767807007,0.9185479283332825,0.9081622345218309,1761334170553210216
0.9379803538322449,0.9211996793746948,0.9081622345218309,1761334170663027447
0.9395138621330261,0.9232892394065857,0.907605504854984,1761334170754012235
0.9412258267402649,0.9257064461708069,0.9076050500569168,1761334170853137491
0.9432725310325623,0.9283167123794556,0.9076050500569168,1761334170965666185
0.9451900124549866,0.9306442737579346,0.9083034264931734,1761334171063031070
0.9468382596969604,0.9327439069747925,0.9083034264931734,1761334171154007273
0.9487570524215698,0.9352654814720154,0.9083034264931734,1761334171253033056
0.9508268237113953,0.9378108978271484,0.9083066249259193,1761334171364121051
0.9527671337127686,0.9401954412460327,0.9083066249259193,1761334171463038159
0.9543930888175964,0.9423478841781616,0.9083066249259193,1761334171554040741
0.9561140537261963,0.9448148012161255,0.9068528037676593,1761334171653092434
0.9581042528152466,0.9472092390060425,0.906480245012345,1761334171753411933
0.9602174162864685,0.9500061869621277,0.9057019879793491,1761334171863056305
0.9618982076644897,0.9523106217384338,0.9050925081832641,1761334171954046846
0.963726282119751,0.9546728730201721,0.9049108712956135,1761334172053047094
0.9655510783195496,0.9568663835525513,0.9047205674429152,1761334172152986076
0.967703640460968,0.9597750902175903,0.9041271289753607,1761334172263047201
0.969369649887085,0.9619695544242859,0.9039965231169138,1761334172355073429
0.9714555740356445,0.9644121527671814,0.9037164697629336,1761334172456111473
0.9734468460083008,0.9669389724731445,0.9022880922573165,1761334172565545657
0.9752987623214722,0.969479501247406,0.9011773748273901,1761334172662051930
0.9771331548690796,0.9717946648597717,0.899768131158768,1761334172754054676
0.979522705078125,0.9746130108833313,0.8981164648096646,1761334172854055060
0.9812403321266174,0.976925253868103,0.8972571773461308,1761334172963066067
0.9831568002700806,0.9794801473617554,0.8960397857499122,1761334173061057769
0.985204815864563,0.9818518161773682,0.8950644504596865,1761334173154044886
0.9872984886169434,0.9843207597732544,0.8944125344888365,1761334173253078936
0.9891814589500427,0.986751139163971,0.8922305786939613,1761334173351581396
0.9916215538978577,0.9896177053451538,0.8911906011703301,1761334173461063345
0.9931655526161194,0.9914340376853943,0.8890332134302303,1761334173554064789
0.9953005313873291,0.9940786957740784,0.8850815593831263,1761334173653149594
